group_7507,EC:2.4.2.31/0.0018
group_7508,EC:2.3.1.222/0.9977
group_7509,EC:4.2.3.25/0.0006
ftsH_2~~~ftsH~~~ftsH_1,EC:3.6.4.10/0.0119
group_7513,EC:3.1.21.4/0.0777
yafQ,EC:2.7.7.7/0.0028
group_7516,EC:3.1.21.4/0.0215
ynjF,EC:2.7.8.24/0.0014
group_7520,EC:3.2.2.22/0.0102,EC:4.6.1.24/0.0096
group_7521,EC:3.1.21.4/0.0000
group_19164,EC:7.2.4.3/0.0002
group_7524,EC:3.1.5.1/0.0034
mshA_2,EC:2.4.1.330/0.0000
cysC,EC:2.7.1.25/0.9989
cysD,EC:2.7.7.4/0.9944
group_7531,EC:1.1.1.31/0.0002
group_7535,EC:1.14.13.244/0.0056
yggT,EC:1.1.5.2/0.0001,EC:7.1.1.2/0.0001
group_7537,EC:2.4.2.36/0.0001
group_7538,EC:2.7.3.5/0.0012,EC:3.2.1.1/0.0011
group_19165,EC:3.2.1.39/0.0019,EC:3.2.2.22/0.0013
group_7540,EC:6.2.1.14/0.0001
group_7541,EC:4.2.1.2/0.0153
ykgO,EC:3.1.26.5/0.0078
gspJ,EC:2.7.7.6/0.0007
group_7543,EC:2.1.1.72/0.0149
agaI_2~~~agaI~~~agaI_1,EC:3.5.99.6/0.3572
yraH_1~~~yraH_2~~~yraH,EC:4.1.99.11/0.0000
dnaT_2,EC:3.2.2.29/0.0000
mobA,EC:2.7.7.77/0.9973
ybgQ_3~~~papC~~~ybgQ_1~~~ybgQ_2,EC:2.7.8.42/0.0003,EC:2.4.1.198/0.0002,EC:2.4.1.129/0.0002
group_11090,EC:1.4.3.2/0.0007,EC:4.2.3.38/0.0005
yciW_2~~~yciW~~~yciW_1,EC:1.11.1.28/0.0001
hdeA~~~hdeA_2~~~hdeA_1,EC:5.3.4.1/0.0001
paaF~~~paaF_2,EC:4.2.1.17/0.9293
group_7550,EC:2.1.3.10/0.0003
group_7552,EC:3.1.21.4/0.0017
tonB,EC:4.2.3.16/0.0000
group_7553,EC:3.1.1.5/0.0007
group_7554,EC:3.2.1.15/0.0043
tsaC,EC:2.7.7.87/0.9961
group_7555,EC:2.7.7.6/0.0108
group_7556,EC:2.7.7.48/0.0027
group_7557,EC:4.1.1.39/0.0025,EC:7.2.4.3/0.0022
group_7558,EC:1.8.1.8/0.0002
group_7559,EC:2.4.2.49/0.0000,EC:2.3.1.48/0.0000
group_12068,EC:7.2.1.1/0.0001,EC:7.1.1.7/0.0001
group_7560,EC:1.12.2.1/0.0000,EC:2.7.1.17/0.0000
group_7562,EC:3.6.1.1/0.0045
group_7564,EC:5.6.2.1/0.0000
group_7566,EC:3.2.2.22/0.7271
group_7568,EC:6.2.1.14/0.0138
elfG~~~elfG_2,EC:3.4.23.44/0.0000
nfeF,EC:1.16.1.9/0.0847
pdeB_1~~~pdeB_2~~~pdeB,EC:3.1.4.52/0.9955
maa~~~maa_2~~~maa_1,EC:2.3.1.79/0.9447
msrC,EC:1.8.4.14/0.0059
letB_1~~~letB~~~letB_2,EC:4.2.2.n1/0.0002,EC:3.4.21.102/0.0001
group_7574,EC:2.7.1.16/0.0000
mukB,EC:2.7.7.65/0.0109
trmD_1~~~trmD_2~~~trmD,EC:2.1.1.228/0.9988
group_7582,EC:5.1.3.14/0.9974
idi,EC:5.3.3.2/0.9857
yaeQ_1~~~yaeQ~~~yaeQ_2,EC:3.1.26.5/0.0007
rof,EC:2.7.7.6/0.0013
group_7585,EC:4.2.1.28/0.3788
idi_2,EC:5.3.3.2/0.9224
ydiZ,EC:2.7.7.6/0.0005
group_19167,EC:2.3.2.28/0.0007
yfjR_2~~~yfjR_1~~~yfjR,EC:3.1.21.4/0.0002
group_7590,EC:2.1.1.86/0.0002
group_13776,EC:3.2.1.35/0.0000
emrB_2~~~emrB_1~~~emrB~~~emrB_3,EC:7.5.2.5/0.0000,EC:1.2.1.79/0.0000
group_7596,EC:3.6.4.12/0.0003
group_11469,EC:5.4.99.1/0.0008
group_19168,EC:2.7.1.78/0.0000
group_7600,EC:4.2.3.38/0.0008,EC:1.3.7.3/0.0006
ygaP,EC:1.20.4.1/0.0001
group_7601,EC:1.1.98.6/0.0004
deoA_1~~~deoA_2~~~deoA,EC:2.4.2.4/0.9986
srlB,EC:3.5.4.27/0.0001
gutM,EC:2.7.1.202/0.0000
nadA,EC:2.5.1.72/0.9979
ruvC,EC:3.1.21.10/0.9980
papE~~~papE_1~~~papE_2,EC:3.4.24.76/0.0000
group_7604,EC:5.3.4.1/0.0002
hyfH_2~~~hyfH_1~~~hyfH,EC:2.7.7.6/0.0230
vgrG1~~~vgrG1_2~~~vgrG1_1~~~vgrG1_3,EC:2.4.2.31/0.4817
group_7607,EC:3.1.11.6/0.0000,EC:3.2.2.22/0.0000
group_7608,EC:3.2.2.6/0.0000
group_7609,EC:3.1.21.4/0.0000
kdpA~~~kdpA_2~~~kdpA_1,EC:7.2.4.2/0.0000
rhsB~~~rhsA~~~rhsC~~~rhsA_3~~~rhsA_1~~~rhsB_2,EC:2.7.12.1/0.0007,EC:3.4.22.45/0.0006
group_7612,EC:1.4.3.2/0.0215
group_19169,EC:4.2.2.17/0.0000
group_7613,EC:4.2.1.28/0.0000
group_19170,EC:3.1.21.4/0.0038
group_7615,EC:3.1.21.4/0.0008
group_19171,EC:3.2.1.129/0.0066
group_18688,EC:2.1.1.86/0.0001
rhtA_2~~~rhtA~~~rhtA_1,EC:2.4.1.32/0.0008
group_7616,EC:2.3.1.82/0.0000,EC:2.3.1.57/0.0000
group_12931,EC:1.12.1.2/0.0001
group_7617,EC:1.16.3.1/0.0377
group_7618,EC:2.7.2.1/0.0000
lldP_2~~~lldP~~~lldP_1,EC:4.1.2.52/0.0000
tatD~~~tatD_1~~~tatD_2,EC:2.5.1.3/0.0000
group_7621,EC:4.2.1.2/0.0043
group_7622,EC:1.12.1.2/0.0000
group_7625,EC:2.1.1.113/0.0013
ygeG_1~~~ygeG_2,EC:5.2.1.8/0.0049
nlpA_1~~~nlpA~~~nlpA_2,EC:3.11.1.2/0.0000,EC:2.2.1.1/0.0000,EC:3.1.3.3/0.0000,EC:5.3.3.7/0.0000,EC:1.15.1.1/0.0000
yidF~~~yidF_2~~~yidF_1,EC:1.12.2.1/0.0000,EC:3.5.1.76/0.0000,EC:5.5.1.14/0.0000,EC:5.5.1.13/0.0000
potI_2~~~potI_1~~~potI,EC:7.6.2.2/0.0000
ygfS,EC:5.4.4.1/0.0000
uacT_2~~~uacT,EC:2.7.1.202/0.0000
group_7628,EC:3.1.21.4/0.0013
group_11217,EC:2.7.7.6/0.0003
cbeA_1~~~cbeA_2,EC:3.1.21.4/0.0007
group_7629,EC:2.7.8.20/0.0006
yiaO_1~~~yiaO_3~~~yiaO_2,EC:1.1.1.330/0.0003
allD_2~~~allD_1~~~allD_3,EC:1.5.1.21/0.0011,EC:1.1.1.350/0.0009,EC:1.4.1.17/0.0009,EC:1.1.1.237/0.0006
xdhC,EC:1.17.1.4/0.0195
ispF,EC:4.6.1.12/0.9986
hisM~~~hisM_2~~~hisM_1,EC:2.4.1.129/0.0000,EC:2.4.2.53/0.0000
gutQ_1~~~gutQ~~~gutQ_2,EC:5.3.1.13/0.9980
group_7631,EC:2.4.1.335/0.0001
group_9691,EC:3.1.1.11/0.0012,EC:3.2.2.22/0.0008
ybhB,EC:3.5.1.38/0.0000
rsd,EC:4.2.1.1/0.0036
group_19173,EC:2.3.1.48/0.0145
group_12015,EC:2.7.7.66/0.0000
stiP,EC:5.1.1.1/0.0003
group_12082,EC:2.3.1.48/0.0307
lldR,EC:2.7.13.3/0.0037
group_7639,EC:3.1.21.4/0.0058
argR~~~argR_1,EC:3.1.11.5/0.0001,EC:2.4.2.4/0.0001
cdh,EC:3.6.1.26/0.9988
group_7642,EC:4.2.1.59/0.0001
group_19174,EC:4.2.1.104/0.0016
garP_2~~~garP_1~~~garP,EC:2.4.99.19/0.0000,EC:3.4.23.42/0.0000
garR,EC:1.1.1.60/0.9987
csgA,EC:1.1.1.210/0.0010
csgD~~~csgD_2,EC:2.7.13.3/0.0035
decR~~~decR_2,EC:3.7.1.5/0.0000,EC:1.1.1.30/0.0000
group_7644,EC:1.8.98.2/0.0000
yggI,EC:4.2.99.18/0.0001,EC:3.2.2.23/0.0000
gshB,EC:6.3.2.3/0.9974
endA~~~rsmE_1~~~rsmE_2~~~rsmE,EC:3.1.21.1/0.0018
group_7646,EC:1.4.3.2/0.0141
group_11518,EC:2.4.1.256/0.0000
bdcA~~~bdcA_1~~~bdcA_2,EC:1.1.1.162/0.0010
group_7647,EC:3.2.2.22/0.0219
ytfA,EC:2.4.1.111/0.0003,EC:2.4.1.126/0.0003
group_7648,EC:1.16.1.1/0.0000
yidI,EC:2.1.1.86/0.0246
group_7653,EC:3.2.1.17/0.9759
intZ_1~~~intZ_2~~~intZ~~~intZ_3~~~intA_4,EC:2.1.1.72/0.0000
lrhA,EC:2.7.13.3/0.0001
ygeL~~~ygeK~~~fimZ_1~~~fimZ_2~~~uvrY_2~~~fimZ~~~uvrY_1,EC:2.7.13.3/0.0000
group_19175,EC:5.1.1.22/0.0001
group_7657,EC:1.14.11.76/0.0000,EC:2.4.1.309/0.0000
group_11556,EC:1.1.1.144/0.0002,EC:1.1.1.243/0.0002
group_11557,EC:1.14.13.25/0.0493
group_7658,EC:3.5.2.6/0.0042,EC:1.11.1.7/0.0035
yihX,EC:3.1.3.10/0.9914
hicB,EC:2.7.7.6/0.0072
pcoE,EC:1.15.1.1/0.0001
dgoK_2,EC:2.7.1.58/0.6974
hycF,EC:1.12.98.3/0.0054
yggC~~~yggC_2~~~yggC_1,EC:6.3.3.3/0.0140
group_7664,EC:3.1.1.4/0.0763
mscL,EC:2.3.2.34/0.0000
zntR,EC:2.3.1.39/0.0007
arsR,EC:7.6.2.11/0.0004
group_7667,EC:2.3.1.48/0.0004
bcgIA~~~bcgIA_1,EC:2.1.1.72/0.8084
imm_2~~~imm_1,EC:2.7.1.47/0.0008
group_7669,EC:2.5.1.151/0.0006,EC:1.16.1.6/0.0006
nemR,EC:1.4.99.5/0.0000,EC:1.16.1.9/0.0000
qmcA,EC:2.7.13.3/0.0025
group_7672,EC:2.7.7.6/0.0004,EC:4.2.1.2/0.0003
yqjF,EC:1.1.5.2/0.0000
group_7673,EC:1.4.9.1/0.0002
group_10479,EC:2.1.1.86/0.0002
group_12308,EC:4.2.3.20/0.0001,EC:4.2.3.26/0.0001,EC:3.1.7.11/0.0000
group_7674,EC:4.7.1.1/0.0735
group_19176,EC:1.4.1.24/0.0000,EC:7.2.4.3/0.0000,EC:3.6.4.12/0.0000,EC:7.2.4.5/0.0000,EC:3.1.1.102/0.0000
benM~~~oxyR_1,EC:7.2.2.4/0.0000
clsB,EC:2.7.8.8/0.0007
group_7675,EC:3.2.2.29/0.0000,EC:2.1.1.369/0.0000
group_14936,EC:3.1.21.4/0.0103
umuD_2,EC:3.4.21.88/0.0868
group_19048,EC:2.4.1.198/0.0000,EC:6.6.1.2/0.0000
group_19177,EC:1.11.1.7/0.0083
nrdD,EC:1.1.98.6/0.9989
relE_1~~~relE,EC:3.6.4.12/0.0010
group_19178,EC:3.1.21.4/0.0013
mzrA,EC:2.7.7.6/0.0004
acpS,EC:2.7.8.7/0.9926
group_7680,EC:5.6.2.1/0.0000
gabD_1~~~puuC_2,EC:1.2.1.85/0.3645
group_7679,EC:3.1.26.5/0.0000
tusC,EC:2.1.1.61/0.0000
srlB_1~~~srlB_2,EC:3.5.4.27/0.0000
group_7682,EC:7.2.1.1/0.0000,EC:7.2.1.2/0.0000
ydjE~~~ydjE_2~~~ydjE_1,EC:1.5.1.41/0.0000
group_7683,EC:3.1.26.5/0.0003,EC:3.1.21.10/0.0002,EC:2.1.1.72/0.0001
prlC,EC:3.4.24.70/0.9985
rpe_2,EC:5.1.3.1/0.5717
dtpB~~~dtpB_2~~~dtpB_1,EC:7.2.1.1/0.0001
group_7686,EC:3.13.1.6/0.0000
group_7687,EC:3.2.1.4/0.0000
dgcN_1~~~dgcN~~~dgcN_2,EC:2.7.13.3/0.5925,EC:2.7.7.65/0.3037,EC:3.1.4.52/0.2126
group_9448,EC:2.3.1.135/0.0004
group_19181,EC:2.5.1.30/0.0004
group_19179,EC:4.2.3.51/0.0021
group_7689,EC:7.1.1.7/0.0000
group_7693,EC:3.13.1.6/0.0000
yhdH_2~~~yhdH_1,EC:1.3.1.84/0.1961
group_12946,EC:3.2.2.22/0.0001
yjbR,EC:1.4.3.5/0.0005
cheB_2~~~narL,EC:2.3.1.12/0.0002
group_7695,EC:3.1.21.4/0.0000,EC:2.7.7.48/0.0000
eutS_1~~~eutS_2,EC:2.3.1.101/0.0000
group_7697,EC:2.5.1.9/0.0144
pduE,EC:4.2.1.28/0.9811
yfdC,EC:1.14.18.6/0.0000
yajI~~~yajI_2,EC:2.7.8.20/0.0002
lhr_2~~~lhr_1~~~lhr,EC:3.1.11.5/0.0001,EC:1.3.7.12/0.0001
rmuC,EC:2.7.7.n1/0.0002,EC:4.6.1.1/0.0001
tsaB,EC:2.1.1.170/0.0001
group_7702,EC:2.3.1.82/0.0000
group_19182,EC:2.7.12.1/0.3331
group_10554,EC:2.4.2.31/0.0001
group_10555,EC:2.1.1.148/0.0014
stpA,EC:3.6.4.12/0.0004,EC:2.7.7.6/0.0003
sctC,EC:6.6.1.2/0.0071
rcbA_1,EC:3.2.2.22/0.0326
group_7705,EC:3.2.2.22/0.0017
frwD,EC:2.7.1.202/0.8861
group_7706,EC:3.4.24.20/0.0000
group_7707,EC:1.12.98.3/0.0001
group_7709,EC:1.17.4.2/0.0000,EC:3.2.1.4/0.0000
arnE,EC:2.7.13.3/0.0001
arnD,EC:3.5.1.n3/0.9989
ydiF_1~~~ydiF_2~~~ydiF,EC:2.8.3.8/0.9984
group_7712,EC:5.3.4.1/0.0000,EC:3.5.1.5/0.0000
queA,EC:2.4.99.17/0.9988
aroG,EC:2.5.1.54/0.9983
asr,EC:1.14.13.7/0.0000
mdtI,EC:1.2.1.n2/0.0001,EC:1.1.1.100/0.0001
hxlB_2~~~hxlB~~~hxlB_1,EC:5.3.1.27/0.9850
fliN_2,EC:3.1.11.6/0.0010
group_7716,EC:4.2.1.28/0.0006
yeeW~~~yeeW_2,EC:3.1.1.88/0.0014
bshA~~~bshA_2,EC:2.4.1.306/0.4821,EC:2.4.1.292/0.2870
tsgA,EC:2.4.1.56/0.0000,EC:2.4.1.335/0.0000
group_7721,EC:3.1.1.32/0.0069
ghxP~~~ghxP_2~~~ghxP_1,EC:1.12.1.3/0.0000
group_7722,EC:3.1.21.4/0.0000
group_7723,EC:2.4.1.129/0.0003
group_7727,EC:2.3.1.288/0.0001
fhuC_2~~~fhuC_1,EC:7.2.2.5/0.9475
ygiQ_2~~~ygiQ_1~~~ygiQ,EC:2.8.4.4/0.0009
group_7729,EC:3.1.1.4/0.0386
rhsB_1~~~rhsA~~~rhsB_2~~~rhsB~~~rhsC~~~rhsA_1~~~rhsD_3~~~rhsA_2~~~rhsD_1~~~rhsD,EC:2.4.2.31/0.0048
group_7730,EC:4.1.99.11/0.0001
rhsD~~~rhsD_2~~~rhsD_1~~~rhsD_4~~~rhsD_3~~~rhsD_5~~~rhsA,EC:3.4.22.45/0.0003,EC:2.7.12.1/0.0003,EC:3.6.5.5/0.0002
cbpM,EC:3.4.21.88/0.0000
yccE_1~~~yccE~~~yccE_2,EC:3.4.19.12/0.1690
group_7732,EC:3.4.24.50/0.0052,EC:3.4.22.65/0.0045
group_11439,EC:3.6.1.12/0.0149
yhbO_2~~~yhbO,EC:3.5.1.124/0.9871
group_7733,EC:1.5.5.2/0.0001
speD_2~~~speD_3,EC:1.4.3.2/0.0386,EC:1.18.6.1/0.0222
group_7734,EC:4.2.1.104/0.0000
group_7735,EC:3.4.23.44/0.0000
group_7736,EC:3.4.22.65/0.0025
group_11508,EC:2.1.1.86/0.0105
ghoS,EC:2.7.7.6/0.0113
sacA,EC:3.2.1.26/0.9931
ycgL,EC:2.7.7.6/0.0019
group_7738,EC:5.4.99.25/0.0001
dcp_1~~~dcp_2~~~dcp,EC:3.4.15.5/0.9989
yeaG_1~~~yeaG_2~~~yeaG,EC:1.3.1.25/0.0000,EC:6.6.1.2/0.0000,EC:6.6.1.1/0.0000
yeaE_2~~~yeaE~~~yeaE_1,EC:1.1.1.65/0.0153
yegX~~~yegX_2~~~yegX_1,EC:3.2.1.17/0.0040
yegV~~~yegV_1~~~yegV_2,EC:2.7.1.213/0.0046
glpX,EC:3.1.3.37/0.9961
group_7740,EC:6.2.1.14/0.0002,EC:3.1.21.4/0.0002
group_7741,EC:3.1.21.4/0.0000
uspD_1~~~uspD_2~~~uspD,EC:2.7.13.3/0.0007,EC:4.2.3.55/0.0006
group_7742,EC:4.1.1.105/0.0001
group_7743,EC:4.2.1.2/0.0732
group_7744,EC:3.4.21.43/0.0001
group_7745,EC:5.3.3.12/0.0001
fucK_2~~~fucK_1~~~xylB_3,EC:2.7.1.51/0.0004
sfsB~~~sfsB_2,EC:3.5.5.8/0.0000
group_7752,EC:3.1.11.3/0.2625
group_7754,EC:1.14.13.25/0.0212
rluF_2~~~rluF_1~~~rluF,EC:5.4.99.21/0.9987
lsrR_1~~~sorC~~~lsrR_3~~~lsrR,EC:5.1.1.10/0.0029
fliO,EC:2.3.1.n4/0.0000
group_19191,EC:3.8.1.9/0.0016
ymgD_2~~~ymgD_1~~~ymgD,EC:4.4.1.3/0.0004
ypjA_1~~~ypjA_2~~~ypjA_3,EC:1.14.12.15/0.0020
group_7755,EC:3.1.21.4/0.0193
pxpB,EC:3.5.2.9/0.0247
ompW,EC:3.1.1.77/0.0009,EC:3.1.1.74/0.0008
group_7756,EC:2.3.1.284/0.0003
group_7758,EC:3.1.21.4/0.0000
imm,EC:4.1.1.4/0.0004
group_19192,EC:3.2.2.22/0.0004,EC:4.6.1.24/0.0004
group_7760,EC:3.1.1.4/0.0020,EC:2.4.1.19/0.0016
group_7761,EC:2.3.1.39/0.0012
intS_1~~~intS_4,EC:5.6.2.1/0.0000
group_7762,EC:2.7.13.3/0.0058
group_9454,EC:3.4.21.45/0.0000
group_8580,EC:2.1.1.86/0.0372
topA_1~~~topA_2~~~topA,EC:5.6.2.1/0.9952
cysB~~~cysB_1~~~cysB_2,EC:2.7.13.3/0.0000,EC:2.7.7.65/0.0000
chpS,EC:1.16.1.7/0.0000
ppa,EC:3.6.1.1/0.9963
group_7764,EC:2.3.1.270/0.1562,EC:2.3.1.15/0.0966
group_7765,EC:4.2.1.100/0.0000
group_7766,EC:3.2.2.22/0.0005
eutP,EC:3.5.2.6/0.0434
ycjT~~~ycjT_1~~~ycjT_2~~~ycjT_3,EC:2.4.1.230/0.9958
group_7769,EC:6.5.1.1/0.0020
yobH,EC:2.7.8.20/0.0001,EC:1.4.9.1/0.0000,EC:1.1.5.2/0.0000
prgK,EC:2.3.2.27/0.0035,EC:2.7.7.6/0.0029
group_7770,EC:1.13.11.1/0.0114
group_7771,EC:1.11.1.27/0.0003,EC:3.1.1.4/0.0003
group_7772,EC:3.1.21.4/0.2097
group_11944,EC:3.2.2.17/0.0001
group_7773,EC:4.99.1.10/0.0000
kefC~~~kefC_1~~~kefC_2,EC:5.2.1.8/0.0000,EC:3.6.1.27/0.0000,EC:7.2.2.9/0.0000
group_7776,EC:4.2.3.104/0.0594
yahF~~~yahF_2~~~yahF_1,EC:6.2.1.4/0.0015
group_7777,EC:4.2.1.2/0.0005
group_7778,EC:2.1.1.86/0.0003
group_7779,EC:1.14.13.244/0.0002
group_7783,EC:1.14.13.244/0.0060
group_7785,EC:4.6.1.13/0.0000
pspD,EC:1.14.14.158/0.0006,EC:2.7.13.3/0.0005
group_7787,EC:3.4.24.58/0.0047
group_10301,EC:2.1.1.148/0.0350
group_10302,EC:2.7.13.3/0.0000,EC:3.2.2.6/0.0000,EC:5.5.1.6/0.0000,EC:3.6.5.5/0.0000
group_7788,EC:4.2.1.2/0.0001,EC:1.11.1.24/0.0001,EC:1.2.4.1/0.0000
group_7789,EC:4.2.1.2/0.0193
group_11408,EC:4.1.2.13/0.0000
group_7795,EC:2.5.1.91/0.0000
group_7796,EC:2.8.4.1/0.0018
group_7797,EC:3.1.1.5/0.0000
group_7798,EC:2.4.2.31/0.0000
group_19193,EC:2.6.1.1/0.0002,EC:1.12.2.1/0.0002
group_19194,EC:5.4.99.5/0.1115
dnaT~~~dnaT_2,EC:3.1.26.5/0.0007
group_7802,EC:1.1.5.2/0.0003
group_7803,EC:2.1.1.86/0.0017
group_19195,EC:3.1.21.4/0.2489
group_7804,EC:4.2.1.133/0.0004,EC:1.14.14.3/0.0003,EC:4.2.3.50/0.0003,EC:4.2.3.53/0.0003
group_9166,EC:2.4.2.31/0.0065
group_7806,EC:3.1.21.4/0.0009
hscA,EC:3.6.4.10/0.0158
group_7808,EC:3.1.3.84/0.0000
group_13138,EC:6.6.1.2/0.0256
insN1_2~~~insN2,EC:2.6.1.45/0.0048
dsrB,EC:3.5.5.8/0.0001
yedP_1~~~mngB~~~yedP_2~~~yedP,EC:3.1.3.70/0.9989
group_7811,EC:3.5.1.76/0.1401
group_7812,EC:2.1.1.86/0.0062
group_19196,EC:2.6.1.1/0.0153
cysI,EC:1.8.1.2/0.9987
group_7813,EC:1.14.13.244/0.0000
group_19197,EC:2.7.13.3/0.0225
appA_1~~~appA~~~appA_2,EC:3.1.3.10/0.9429
group_7817,EC:3.1.1.14/0.0004
group_7818,EC:1.11.1.7/0.0074
group_7819,EC:3.2.2.5/0.2381
group_7821,EC:3.5.1.76/0.0040
group_7822,EC:4.2.3.168/0.0000
group_11673,EC:2.3.2.22/0.0003
insL3~~~insL3_1,EC:3.6.4.12/0.0027
group_19198,EC:4.2.1.2/0.0306
pykA~~~pykA_1~~~pykA_2,EC:2.7.1.40/0.9952
pgrR_1~~~pgrR_4~~~pgrR_2~~~pgrR_5,EC:2.7.13.3/0.0000
artQ,EC:2.4.1.129/0.0000
recO,EC:5.6.2.1/0.0000
frlD_2~~~frlD_1~~~frlD,EC:2.7.1.218/0.9987
group_7828,EC:3.4.17.6/0.2648
phnG,EC:2.7.8.37/0.9923
group_7831,EC:1.1.1.1/0.0180
group_7832,EC:3.1.1.4/0.0025,EC:5.2.1.4/0.0023
group_7836,EC:3.1.21.4/0.0222
yihI,EC:3.5.1.5/0.0002
pfkB_2~~~pfkB~~~pfkB_1,EC:2.7.1.56/0.2623
group_19199,EC:3.4.24.50/0.7238
iolG_3,EC:1.1.1.361/0.0001
group_7840,EC:2.1.1.86/0.0187
mchB,EC:2.1.1.86/0.0000,EC:1.1.1.4/0.0000
gltK_1~~~gltK_2~~~gltK,EC:3.1.1.59/0.0000
group_8448,EC:7.2.4.3/0.0005,EC:2.1.1.86/0.0004,EC:2.1.3.1/0.0003
ybeQ_2~~~ybeQ_1~~~ybeQ,EC:3.5.2.6/0.0052
rlpA,EC:4.2.2.n1/0.0143
group_7842,EC:2.7.7.6/0.0000
group_7843,EC:2.4.2.3/0.0000
cusA_1~~~cusA~~~cusA_2,EC:3.4.23.35/0.0000
group_19200,EC:3.1.21.4/0.0021
emrE~~~emrE_1,EC:2.3.1.269/0.0005
group_7844,EC:3.1.21.4/0.0001,EC:2.7.8.20/0.0001
yadC_2~~~yadC,EC:3.2.2.6/0.0000
citT_2~~~citT_1~~~citT,EC:2.6.1.44/0.0000
group_7845,EC:2.1.1.86/0.0001
yqgF,EC:4.2.3.168/0.0003,EC:4.2.3.167/0.0003
yagU_2~~~yagU_1~~~yagU,EC:5.1.3.33/0.0000,EC:1.21.98.2/0.0000
ybgD_2~~~papA~~~papA_2~~~ybgD_1~~~ybgD_3~~~papA_1,EC:4.6.1.18/0.0000,EC:3.2.1.35/0.0000,EC:1.16.1.7/0.0000
ybgD_1~~~papA~~~ybgD_2~~~ybgD_3~~~ybgD_4,EC:1.16.1.7/0.0000,EC:3.1.1.14/0.0000
ansB_1~~~ansB_2~~~ansB,EC:3.5.1.38/0.9296,EC:3.5.1.1/0.8652
group_7852,EC:3.4.23.48/0.0004
group_19201,EC:7.1.1.2/0.0013,EC:1.11.1.27/0.0008
group_7853,EC:1.4.3.2/0.0138
ymfK_3~~~ymfK,EC:3.4.23.2/0.0000
baeS,EC:2.7.13.3/0.9764
tusD,EC:1.4.99.5/0.0000
ybcO_1~~~ybcO~~~ybcO_2~~~ybcO_3,EC:3.1.21.4/0.0002
elfA_2~~~elfA~~~elfA_1,EC:1.16.1.7/0.0000
group_7857,EC:4.2.1.2/0.0170
group_7858,EC:2.7.7.48/0.0001
group_7859,EC:3.1.21.4/0.0134
group_14040,EC:2.1.1.80/0.0000
group_7860,EC:2.1.1.72/0.0004
group_7862,EC:3.2.2.17/0.0149
caeA~~~caeB,EC:3.1.1.3/0.0299
group_19202,EC:3.6.4.12/0.3452
group_9379,EC:2.7.10.1/0.0025
btsS~~~btsS_1~~~btsS_2,EC:2.7.13.3/0.8908
yjjJ,EC:2.7.7.n1/0.0000
group_7864,EC:4.2.1.104/0.0000,EC:2.7.7.48/0.0000
yfjX_1~~~yafX_1~~~yfjX_2~~~yafX_2,EC:1.14.13.244/0.0105
group_7867,EC:2.4.1.27/0.0003
yfdS~~~yfdS_1,EC:4.2.3.168/0.0001,EC:4.2.3.167/0.0000,EC:2.7.7.48/0.0000
group_12919,EC:3.6.1.23/0.0000
group_12920,EC:3.1.21.4/0.0199
group_12921,EC:2.5.1.83/0.0011
group_19203,EC:3.2.1.2/0.0000
group_19204,EC:3.1.21.4/0.0001
afaE3,EC:3.2.1.129/0.0004
ygaH,EC:4.2.1.2/0.0000
ynfM_1~~~ygaY~~~ynfM_2~~~ygaX,EC:2.3.1.275/0.0000
cspB_2,EC:5.2.1.8/0.2432
group_19205,EC:5.2.1.8/0.0042
group_10288,EC:2.1.1.86/0.0002
group_19206,EC:3.2.2.22/0.0285
iucC_2~~~iucC_1~~~iucC,EC:6.3.2.39/0.9982
group_7877,EC:1.3.7.2/0.0003
yjbB,EC:2.7.13.3/0.0088,EC:2.7.7.65/0.0048
sdhA,EC:1.3.5.1/0.9876
pyrE,EC:2.4.2.10/0.9973
group_7879,EC:5.3.1.22/0.0011,EC:5.3.1.1/0.0009
group_7880,EC:3.2.2.22/0.0112
group_7881,EC:2.7.7.n1/0.0037
group_7882,EC:1.16.1.7/0.0020
yhjJ_1~~~yhjJ~~~yhjJ_2,EC:3.4.24.55/0.2333
group_7884,EC:2.7.13.3/0.0313
group_7885,EC:4.2.3.168/0.0000,EC:5.5.1.8/0.0000,EC:4.2.3.116/0.0000
ydaY,EC:2.4.2.4/0.0053
group_19207,EC:3.1.21.4/0.0062
guaD_2~~~guaD_1~~~guaD,EC:3.5.4.3/0.7826
valS_2~~~valS~~~valS_1,EC:6.1.1.9/0.9967
group_7888,EC:7.2.4.3/0.0008
fimA_3~~~fimA_2~~~fimA_1~~~fimA,EC:6.2.1.56/0.0000
group_7889,EC:3.3.1.2/0.0012
elfG~~~sfmH,EC:3.4.24.32/0.0000
ptsA_1~~~ptsA_2~~~ptsA,EC:2.7.1.202/0.9786
group_19208,EC:2.4.2.31/0.0000,EC:4.1.99.25/0.0000
abrB_2~~~abrB~~~abrB_1,EC:2.1.1.80/0.0002
ynfE_2~~~ynfE_1~~~ynfE~~~ynfF~~~napA_1,EC:1.8.5.3/0.0208
digH,EC:3.2.1.14/0.0082
group_7892,EC:4.1.2.25/0.2169
group_10340,EC:1.2.1.80/0.0000,EC:1.11.1.26/0.0000
wzzB_1,EC:3.1.21.4/0.0001,EC:2.7.13.3/0.0001
dld,EC:1.1.5.12/0.9986
group_7894,EC:2.1.1.72/0.0615
xerC_1~~~xerC_2~~~xerC_5~~~xerC_4,EC:2.1.1.72/0.0029
group_15277,EC:4.6.1.24/0.0382,EC:3.2.2.22/0.0298
group_7897,EC:2.1.1.72/0.0842
ygeQ~~~ygeQ_1,EC:3.2.1.3/0.4344
clpA_1~~~clpA_2~~~clpA,EC:3.4.21.53/0.0336
cas1_2~~~cas1~~~cas1_1,EC:3.1.21.4/0.0003
group_19209,EC:3.1.21.4/0.0000
eptA,EC:2.7.8.20/0.0000
melR~~~melR_1~~~melR_2,EC:7.3.2.5/0.0001
adiY_1~~~adiY~~~adiY_2,EC:2.7.13.3/0.0002
tcyP~~~tcyP_1~~~tcyP_2,EC:2.7.1.191/0.0001,EC:2.7.1.197/0.0001
group_7899,EC:2.1.1.86/0.0099
norW~~~norW_2~~~norW_1,EC:1.18.1.1/0.9434
norR~~~norR_1~~~norR_2,EC:2.7.13.3/0.0015
group_7900,EC:3.1.21.4/0.0003,EC:3.6.4.12/0.0002,EC:3.1.21.5/0.0001
cobU,EC:2.7.1.156/0.9989,EC:2.7.7.62/0.9987
group_7901,EC:3.4.24.50/0.0654,EC:3.5.1.76/0.0407
ydhY,EC:1.8.5.2/0.0000,EC:1.97.1.9/0.0000
group_7903,EC:4.2.1.2/0.0000
group_7904,EC:4.1.1.4/0.0007,EC:6.2.1.14/0.0006
ybhK_2~~~ybhK_1~~~ybhK,EC:2.7.8.28/0.0001
group_7907,EC:7.1.1.9/0.0000
acs_1~~~acs_2~~~acs,EC:6.2.1.1/0.9987
group_7909,EC:3.1.1.32/0.0000
group_7910,EC:7.2.4.3/0.0004,EC:4.2.1.2/0.0003
rbsD~~~rbsD_2,EC:5.4.99.62/0.9463
rbsC_3~~~rbsC_4~~~rbsC_2,EC:3.1.1.3/0.0000
group_7911,EC:4.1.2.25/0.3034,EC:5.1.99.8/0.1139
yejA_2~~~yejA~~~yejA_1,EC:1.14.14.54/0.0000
yejE~~~yejE_1~~~yejE_2,EC:6.6.1.1/0.0001
group_7912,EC:2.4.1.56/0.0254
group_7913,EC:3.3.1.2/0.0081
group_7914,EC:3.1.21.4/0.0263
nanM_2,EC:5.1.3.24/0.9911
group_17354,EC:3.1.21.9/0.0000
group_7916,EC:2.7.7.65/0.0572,EC:2.7.13.3/0.0376
dnaG,EC:2.7.7.101/0.9755
group_7917,EC:1.12.1.2/0.0011
yecT,EC:2.3.1.43/0.0000
group_7919,EC:3.2.2.22/0.0017
yecM,EC:4.2.3.104/0.0384
feaR_1~~~feaR~~~feaR_2,EC:1.14.12.15/0.0000
group_7923,EC:3.1.4.59/0.0007
group_7921,EC:3.4.23.44/0.0000
group_7922,EC:2.4.2.31/0.0001,EC:3.4.23.44/0.0001
group_7928,EC:5.3.3.12/0.0014
esiB~~~ybeQ_1,EC:2.7.7.65/0.0118
yhjX,EC:2.4.1.335/0.0000
tag,EC:3.2.2.20/0.9989
kdsB_2~~~kdsB_1~~~kpsU,EC:2.7.7.38/0.9968
group_10515,EC:2.7.7.6/0.0181
bglH_1~~~bglH_3~~~bglH_2~~~bglH,EC:3.1.1.32/0.0025
virB4_1~~~virB4,EC:2.7.1.78/0.0000,EC:1.4.1.4/0.0000
yjbE,EC:2.7.7.7/0.0000
group_7930,EC:2.7.1.176/0.0008,EC:2.3.2.27/0.0005
xerC_5~~~xerC_3~~~xerC_1~~~xerC_4~~~xerC_7~~~xerC_2,EC:2.1.1.72/0.0001
ynaI~~~ynaI_1~~~ynaI_2,EC:2.7.13.3/0.0000
pgrR~~~pgrR_1,EC:2.7.11.1/0.0001
sdaA,EC:4.3.1.17/0.9838
yoaE~~~yoaE_1~~~yoaE_2,EC:3.1.4.59/0.0002
trpA,EC:4.2.1.20/0.9927
acpT,EC:2.7.8.7/0.0008
bcsQ_1~~~bcsQ_2~~~bcsQ,EC:4.2.3.16/0.0003
caiA_1~~~caiA_2,EC:1.3.8.13/0.9987
caiB_1~~~caiB_2~~~caiB,EC:2.8.3.21/0.9984
group_14800,EC:2.5.1.83/0.1045
ybhM_2~~~ybhM_1,EC:2.7.3.5/0.0036
yjjV~~~yjjV_2,EC:3.1.3.97/0.0000
yahF_2,EC:2.7.1.121/0.0056
hyaF,EC:1.3.7.5/0.0011
dsdA_2~~~dsdA~~~dsdA_1,EC:4.3.1.18/0.9987
dsdC~~~dsdC_2~~~dsdC_1,EC:1.7.1.17/0.0000
xylG_1~~~xylG_2~~~xylG,EC:7.5.2.10/0.9985
xylF_2~~~xylF_1~~~xylF,EC:1.1.1.317/0.0000
xylB~~~xylB_1~~~xylB_2,EC:2.7.1.17/0.9376
dsbB,EC:7.2.1.1/0.0006
umuC_1~~~umuC_2~~~umuC,EC:2.7.7.7/0.8899
fadR,EC:4.2.1.133/0.0005
group_7937,EC:4.2.1.152/0.0011
group_7936,EC:2.7.7.n1/0.0003
group_9607,EC:2.1.1.148/0.0075
lsrA_2~~~lsrA_1~~~lsrA,EC:7.6.2.13/0.9987
group_7939,EC:1.2.5.2/0.0423
group_7940,EC:2.1.1.72/0.0009
group_7941,EC:3.4.22.45/0.3935
group_19211,EC:2.7.11.14/0.0000
group_7942,EC:3.4.22.28/0.0002
rdcB~~~rdcB_2~~~rdcB_1,EC:3.1.7.6/0.0011
rbsB_3~~~rbsB_2~~~rbsB_1,EC:5.3.3.7/0.0000
rbsC_1~~~xylH_2~~~araH_1,EC:3.1.1.102/0.0000
gss_1~~~gss~~~gss_2,EC:3.5.1.78/0.9988,EC:6.3.1.8/0.9987
yghT~~~yghT_2~~~yghT_1,EC:2.7.1.164/0.0000
yghR~~~yghR_1~~~yghR_2,EC:2.7.4.9/0.0005
group_7944,EC:3.1.21.1/0.0600
nimR~~~nimR_2~~~nimR_1,EC:1.5.1.38/0.0002
group_7945,EC:3.5.1.135/0.4464
group_7946,EC:3.1.21.4/0.0026
group_7947,EC:4.1.1.74/0.0000
galE_1~~~galE_2,EC:5.1.3.2/0.9975
group_7948,EC:2.7.13.3/0.0000
yqcE_1~~~yqcE~~~yqcE_2,EC:7.3.2.6/0.0000
ubiD,EC:4.1.1.98/0.9989
fadA~~~fadA_2~~~fadA_1,EC:2.3.1.16/0.9983
yeeA_1~~~yeeA_2~~~yeeA,EC:2.4.1.276/0.0000
yedJ~~~yedJ_1~~~yedJ_2,EC:2.1.1.187/0.0001,EC:1.13.11.78/0.0001
kduD_1~~~kduD_2,EC:1.1.1.127/0.9730
ygeA,EC:5.1.1.13/0.9919
eutN~~~eutN_2,EC:3.5.1.90/0.0001
group_7951,EC:5.4.99.5/0.0033
group_12996,EC:3.1.1.14/0.0000,EC:4.6.1.18/0.0000
group_19212,EC:1.3.7.3/0.0002
group_7952,EC:2.2.1.6/0.0000
adhE_2~~~adhE_1~~~eutG_2~~~adhE_3,EC:1.1.1.6/0.0078
group_7953,EC:1.1.1.100/0.0001
rsmB,EC:2.1.1.176/0.9988
ygeI,EC:7.2.4.3/0.0004
group_7955,EC:3.1.1.73/0.0006
yfaV_2~~~yfaV_1~~~yfaV,EC:2.4.1.335/0.0000
ytfT_2,EC:3.1.1.102/0.0000
group_7956,EC:2.3.1.108/0.0000,EC:2.3.1.87/0.0000,EC:2.3.1.4/0.0000,EC:2.5.1.83/0.0000,EC:2.1.1.72/0.0000
group_16064,EC:3.2.1.35/0.0000
yiaG_1~~~yiaG_2,EC:3.6.4.12/0.0001
group_7957,EC:3.2.1.94/0.0000
group_7958,EC:2.4.2.31/0.0036
hmuT,EC:2.1.1.197/0.0022,EC:3.1.1.85/0.0014,EC:1.1.1.169/0.0010
hemR_2~~~hemR_1~~~cirA_5~~~cirA_3~~~hemR~~~cirA_2,EC:3.4.23.48/0.0004
hemS_2~~~hemS~~~hemS_1,EC:1.14.14.18/0.0002
yhaB~~~yhaB_1~~~yhaB_2,EC:1.3.7.12/0.0276
group_7962,EC:3.1.21.10/0.0000
atoB_1~~~atoB~~~atoB_2~~~atoB_3,EC:2.3.1.9/0.9941
atoA,EC:2.8.3.8/0.9982
gltP_2~~~gltP_1~~~gltP,EC:7.6.2.2/0.0002
nrfG,EC:7.1.1.2/0.0008
yjcO~~~yjcO_1~~~yjcO_2,EC:3.5.2.6/0.0251
appX,EC:7.1.1.7/0.4095
ampG_2~~~btuD_2,EC:7.5.2.3/0.0271,EC:7.5.2.5/0.0256
gph,EC:3.1.3.18/0.9954
yfaY,EC:3.5.1.42/0.0283
rhmD~~~rhmD_1~~~rhmD_2,EC:4.2.1.90/0.9988
fadK_2~~~fadK_1~~~fadK,EC:6.2.1.32/0.1399
group_7967,EC:1.1.1.16/0.0001,EC:1.3.1.25/0.0001
malG_1,EC:2.7.1.208/0.0001
cynR,EC:7.2.2.4/0.0000
yegT_2~~~yegT_1~~~yegT,EC:1.13.11.11/0.0000
group_7969,EC:2.1.1.86/0.0183
ydiM~~~ydiM_2~~~ydiM_1,EC:2.4.2.47/0.0000
neuA~~~neuA_1,EC:1.4.3.2/0.0010
yfdT~~~yfdT_2,EC:1.11.1.24/0.0005,EC:2.7.7.6/0.0005,EC:4.2.1.2/0.0004
pgrR_1~~~yagP~~~yagP_2~~~pgrR_2,EC:3.6.4.13/0.0000
group_7971,EC:3.1.21.4/0.0000
sgcC_2~~~sgcC_4,EC:7.2.1.2/0.0008
ybjH,EC:1.11.1.7/0.0009
group_7974,EC:3.6.1.54/0.0000
btuD_1~~~msbA_2,EC:7.6.2.2/0.7883
yafC_2~~~yafC~~~yafC_1,EC:2.7.13.3/0.0002
yafE~~~ycgJ_2,EC:2.1.1.197/0.0003
yecR,EC:2.4.2.31/0.0010,EC:3.2.2.5/0.0009
group_18491,EC:6.3.2.38/0.0000
nrdF~~~nrdF_2~~~nrdF_1,EC:1.17.4.1/0.9501
nrdE_2~~~nrdE~~~nrdE_1,EC:1.17.4.1/0.8158
yceB,EC:5.3.4.1/0.0003
yedD~~~yedD_2~~~yedD_1,EC:3.6.1.9/0.0000,EC:2.7.8.20/0.0000
yedF,EC:4.1.1.44/0.0000
ldtC_1~~~ldtC,EC:4.2.2.n1/0.0038
gspE~~~gspE_2~~~gspE_1~~~gspE_3,EC:7.4.2.8/0.0003
gspG_1~~~gspG_2,EC:3.4.22.70/0.0000,EC:3.4.21.102/0.0000
ompF_1~~~ompF_2~~~ompF,EC:3.4.23.48/0.0001
aspC_2~~~aspC~~~aspC_1,EC:2.6.1.1/0.9975
rpnE_2~~~rpnE_1~~~rpnE~~~rpnD~~~rpnE_3,EC:2.7.7.n1/0.0051
yqeF_1~~~yqeF_2~~~yqeF,EC:2.3.1.9/0.9840
yqeH~~~yqeH_1~~~yqeH_2,EC:2.7.7.88/0.0000,EC:2.1.1.375/0.0000,EC:2.7.7.48/0.0000
group_7979,EC:3.1.21.10/0.0004,EC:3.6.4.12/0.0001,EC:2.1.1.72/0.0001,EC:3.1.21.4/0.0001,EC:5.6.2.1/0.0001
group_7982,EC:3.1.1.15/0.0000
group_7983,EC:3.2.1.18/0.0001
group_19213,EC:3.1.1.4/0.0218,EC:2.1.1.86/0.0210
yfaZ~~~yfaZ_1~~~yfaZ_2,EC:3.1.1.74/0.0088
allE~~~allE_1~~~allE_2,EC:3.5.3.26/0.9930
group_7985,EC:5.2.1.8/0.0025
torT~~~torT_1~~~torT_2,EC:3.2.1.81/0.0003
group_19214,EC:3.1.1.96/0.0003
group_7988,EC:2.1.1.86/0.0000,EC:7.1.1.7/0.0000,EC:1.14.14.91/0.0000,EC:2.7.3.3/0.0000
yiaT~~~yiaT_1~~~yiaT_2,EC:3.1.1.5/0.1398,EC:3.1.1.32/0.1109,EC:3.1.1.4/0.1013
group_19215,EC:1.15.1.1/0.0753
fimD_4~~~yraJ_3,EC:2.3.1.269/0.0071
group_7992,EC:2.7.7.47/0.0073
yeaX~~~yeaX_1~~~yeaX_2,EC:1.14.13.239/0.9407
group_7993,EC:2.3.2.27/0.0004
sbmC~~~sbmC_1~~~sbmC_2,EC:1.5.1.44/0.0000
gstB,EC:2.5.1.18/0.8932
fsaB_2~~~fsaB_1~~~fsaB,EC:2.2.1.2/0.7527
chaA_2~~~chaA_1~~~chaA,EC:2.1.1.210/0.0000
chaB,EC:1.11.1.1/0.0003,EC:5.3.1.1/0.0002
cysB_2~~~cysB_1,EC:7.2.2.4/0.0006
yfcJ_2~~~yhhS_1~~~yhhS_2~~~cntE,EC:5.3.99.3/0.0000
group_19216,EC:2.7.7.49/0.3038
group_19217,EC:1.15.1.1/0.0597
yqiI_2~~~yqiI_1~~~yqiI,EC:3.4.23.44/0.0000
