group_5731,EC:3.2.2.22/0.0096
group_3699,EC:7.2.4.3/0.0012
group_5732,EC:3.5.1.135/0.0024
mnmA,EC:2.8.1.13/0.9978
purB,EC:4.3.2.2/0.9908
roxA,EC:1.14.11.47/0.9987
potB,EC:2.4.1.129/0.0001
potD,EC:1.14.14.160/0.0000
lolD,EC:7.5.2.1/0.0000,EC:2.3.1.61/0.0000
lolC,EC:3.1.1.3/0.0002
lpoB,EC:4.2.3.55/0.0000
hinT,EC:3.6.2.1/0.1263
ptsG_1,EC:2.7.1.199/0.9875
ycfH,EC:3.1.4.57/0.0000
holB,EC:3.6.4.12/0.6277
group_3235,EC:3.6.4.10/0.0024
rpmF,EC:3.1.26.5/0.0006
rluC,EC:5.4.99.24/0.9985
murJ,EC:2.4.1.129/0.0001
bssS,EC:1.2.5.2/0.0000
ycdY,EC:3.5.1.62/0.0003
rutR,EC:2.7.1.58/0.0009
torC,EC:1.7.2.2/0.1517
torR,EC:2.7.7.65/0.0001
gnsA,EC:4.2.1.2/0.0018
hyaA,EC:1.12.99.6/0.9968
hspQ,EC:4.99.1.2/0.0002
yccU,EC:6.3.2.10/0.0040
mgsA,EC:4.2.3.3/0.9968
yccF,EC:1.2.1.n2/0.0000
yccS,EC:2.7.13.3/0.0741,EC:2.7.7.65/0.0411
rmf,EC:2.3.1.48/0.0002
gloC,EC:1.13.11.18/0.0082,EC:3.1.2.6/0.0025
mepK,EC:3.1.11.2/0.0000
mukE,EC:3.1.21.4/0.0041
msbA_1,EC:7.5.2.6/0.9969
ihfB,EC:5.2.1.8/0.0153
cmk,EC:2.7.4.25/0.9976
serC,EC:2.6.1.52/0.9981
serS,EC:6.1.1.11/0.9989
lrp,EC:5.4.99.5/0.0000,EC:7.6.2.14/0.0000
infA,EC:3.1.26.5/0.0001,EC:1.12.98.3/0.0001,EC:2.7.7.6/0.0001
cspD,EC:5.2.1.8/0.0061
artP,EC:7.3.2.2/0.2367
artI,EC:3.2.1.14/0.0006
ybjO,EC:1.1.99.22/0.0000
ybjN,EC:2.7.8.37/0.0002
ybjM,EC:5.4.4.8/0.0000,EC:5.3.99.5/0.0000
deoR,EC:2.4.2.22/0.0001
rimO,EC:2.8.4.4/0.9950
ybiT,EC:7.6.2.2/0.0000
ldtB,EC:4.2.2.n1/0.0004
mntR,EC:5.4.99.5/0.0001
ompX,EC:3.1.1.4/0.1182
dps,EC:1.16.3.1/0.1808
ybhF,EC:7.6.2.5/0.0000
ybhP,EC:3.6.1.55/0.0000
ybhL,EC:1.1.99.22/0.0011
moaE,EC:2.8.1.12/0.9847
moaC,EC:4.6.1.17/0.9988
modC,EC:7.3.2.5/0.9985
galT,EC:2.7.7.12/0.9894
gpmA,EC:5.4.2.11/0.9988
pal,EC:2.7.11.1/0.0008
tolR,EC:2.3.1.61/0.0000
sucD_1,EC:6.2.1.4/0.9876,EC:6.2.1.5/0.9817
sucC_1,EC:6.2.1.5/0.9987
sdhB,EC:1.3.5.1/0.9553
sdhD,EC:7.1.1.9/0.0000
gltA,EC:2.3.3.16/0.9972
pgm,EC:5.4.2.2/0.9436
seqA,EC:3.1.26.5/0.0086
fldA,EC:3.1.1.32/0.0000
fur,EC:1.12.98.3/0.0001
ygbI_1,EC:5.1.1.5/0.0000
nagB,EC:3.5.99.6/0.9973
nagA_1,EC:3.5.1.25/0.9951
asnB,EC:6.3.5.4/0.9980
ybeZ,EC:7.4.2.8/0.0000
ybeY,EC:3.4.19.15/0.0006
ybeX,EC:3.1.4.59/0.0016
cysS,EC:6.1.1.16/0.9981
purE,EC:5.4.99.18/0.9979
cnoX,EC:5.3.4.1/0.0314
htpG,EC:3.6.4.10/0.0023
recR,EC:3.6.4.12/0.2354
apt,EC:2.4.2.7/0.9942
group_6549,EC:3.5.1.5/0.0125
mscK,EC:2.7.13.3/0.0138
tomB,EC:4.2.3.104/0.0727
ybaY,EC:7.2.1.1/0.0003
queC,EC:6.3.4.20/0.9967
lon,EC:3.4.21.53/0.9975
tig,EC:5.2.1.8/0.9968
cyoC,EC:7.1.1.9/0.0198
yajQ,EC:3.6.4.12/0.0000
ispA,EC:2.5.1.10/0.9927,EC:2.5.1.1/0.9895
pgpA,EC:3.1.3.27/0.8388
nusB,EC:3.1.26.5/0.0004
ribE,EC:2.5.1.78/0.9974
nrdR,EC:2.7.7.6/0.0432
secF,EC:7.6.2.2/0.0000,EC:2.7.1.66/0.0000
yajC,EC:3.6.4.12/0.0001,EC:2.6.1.35/0.0001
brnQ,EC:7.2.4.2/0.0000
phoB,EC:2.7.13.3/0.0009
aroL,EC:2.7.1.71/0.9931
proC,EC:1.5.1.2/0.9231
ddlA,EC:6.3.2.4/0.9837
ydfG,EC:1.1.1.381/0.9988
fumA,EC:5.3.2.2/0.9987
rsxB,EC:7.2.1.2/0.1140
anmK,EC:2.7.1.170/0.9985
gloA,EC:4.4.1.5/0.9948
rnt,EC:3.1.11.1/0.0252
grxD,EC:1.11.1.9/0.0001
purR,EC:1.1.1.243/0.0000,EC:1.1.1.50/0.0000
lpp,EC:2.1.1.86/0.0008,EC:1.11.2.3/0.0006,EC:2.3.1.51/0.0005
ydiH,EC:2.7.7.6/0.0001
menI,EC:3.1.2.28/0.0629
btuC,EC:7.6.2.6/0.0000
ihfA,EC:3.6.4.12/0.0012
rplT,EC:3.1.26.5/0.0148
rpmI,EC:1.1.7.1/0.0000
infC,EC:5.4.99.22/0.0152
chbA,EC:1.8.1.4/0.0000
nadE,EC:6.3.1.5/0.9971
ydjF,EC:5.1.1.5/0.0022
group_6052,EC:1.12.99.6/0.0000
yoaB,EC:3.5.99.10/0.0007
yoaH,EC:2.7.7.6/0.0163
nudL,EC:3.6.1.55/0.0097
cspC,EC:5.2.1.8/0.0401
znuB_1,EC:7.1.1.2/0.0003
ruvB,EC:3.6.4.12/0.9928
ruvA,EC:3.6.4.12/0.9922
yebC,EC:2.7.7.6/0.0007,EC:5.6.2.2/0.0006
aspS,EC:6.1.1.12/0.9989
cmoA,EC:2.5.1.152/0.0000
ftnB,EC:1.16.3.1/0.7821
pgsA,EC:2.7.8.5/0.9987
tcyL,EC:1.1.5.2/0.0000
fliI,EC:7.1.2.2/0.4871
group_486,EC:3.2.2.6/0.0379
fis,EC:2.7.13.3/0.0000
accB,EC:7.2.4.3/0.0161
rng,EC:3.1.26.12/0.9892
group_5495,EC:1.16.1.7/0.0019
aaeA,EC:2.7.13.3/0.0000
mdh,EC:1.1.1.37/0.9981
degS,EC:3.4.21.107/0.6927
group_5306,EC:2.1.1.86/0.0003
rplM,EC:3.1.26.5/0.0001
rpsI,EC:3.1.26.5/0.0000,EC:2.7.7.6/0.0000,EC:3.1.21.10/0.0000
sspA,EC:2.5.1.18/0.8807
sspB,EC:2.7.7.6/0.0498
nanA,EC:4.1.3.3/0.9988
nanT,EC:2.7.11.14/0.0000
nanE,EC:5.1.3.9/0.9983
hpf,EC:5.2.1.8/0.0008
rpoN,EC:3.1.11.5/0.0000
lptA,EC:2.4.1.198/0.0011
kdsC,EC:3.1.3.45/0.9989
mlaF,EC:3.13.1.7/0.0000,EC:7.2.4.3/0.0000
mlaC,EC:5.2.1.8/0.0006
rplU,EC:4.4.1.24/0.0003,EC:3.1.26.5/0.0003
rpmA,EC:3.4.21.88/0.0000
greA,EC:5.2.1.8/0.0016,EC:2.7.7.6/0.0008
rlmE,EC:2.1.1.166/0.9987
glmM,EC:5.4.2.10/0.9988
secG,EC:7.2.4.2/0.0018
nusA,EC:3.6.4.12/0.0003
infB,EC:3.6.5.3/0.0009
truB,EC:5.4.99.25/0.9974
rpsO,EC:2.7.1.197/0.0000,EC:5.4.99.5/0.0000
ubiV,EC:4.1.99.22/0.0000
ubiT,EC:6.6.1.2/0.0000
yhbS,EC:2.4.2.1/0.0003
yraP,EC:3.1.1.74/0.0028
diaA,EC:5.3.1.28/0.9824
garL,EC:4.1.2.20/0.9989
tdcF,EC:3.5.99.10/0.9538
cyuA,EC:4.3.1.17/0.3971
yqjE,EC:4.2.3.71/0.0000
group_7654,EC:2.3.1.n4/0.0002,EC:1.7.1.17/0.0001,EC:3.1.1.3/0.0001
yqjA,EC:7.3.2.7/0.0173
rpsU,EC:3.1.26.5/0.1426
plsY,EC:2.3.1.n5/0.9986
folB,EC:4.1.2.25/0.9850,EC:5.1.99.8/0.9714
bacA,EC:3.6.1.27/0.9983
ygiM,EC:2.3.2.27/0.0007
hldE_1,EC:2.7.7.70/0.9988,EC:2.7.1.167/0.9988
ribB,EC:4.1.99.12/0.9966
yqiD,EC:3.2.2.6/0.0007
yqiA,EC:2.1.1.85/0.0000
group_5238,EC:3.1.1.32/0.0280
rbsK_2,EC:2.7.1.213/0.0798,EC:2.7.1.73/0.0249
yegU_1,EC:3.2.2.24/0.0000
ygiW,EC:5.2.1.8/0.0036
plsC,EC:2.3.1.n4/0.9913,EC:2.3.1.51/0.9868
uxuR_1,EC:2.7.13.3/0.0059
exbD,EC:2.4.1.129/0.0001,EC:2.7.1.199/0.0001
hybA,EC:1.97.1.9/0.0072
hybB,EC:7.1.1.3/0.0010
hybD,EC:3.4.23.51/0.0510
hybF,EC:2.7.7.61/0.0000,EC:2.7.7.6/0.0000
hybG,EC:2.1.1.258/0.0000,EC:4.1.1.11/0.0000
group_7069,EC:3.1.1.32/0.0001
gmd,EC:4.2.1.47/0.9983
udk,EC:2.7.1.48/0.9983
baeR,EC:7.4.2.8/0.0000,EC:2.7.13.3/0.0000,EC:7.4.2.5/0.0000,EC:2.1.1.80/0.0000
trhP,EC:4.1.99.22/0.0000
yegW,EC:2.5.1.83/0.0000,EC:1.5.1.37/0.0000
rcnR,EC:5.4.99.5/0.0002
btsR,EC:5.4.99.24/0.0035
yohJ,EC:2.7.1.202/0.0265
yohK_1,EC:2.7.1.192/0.0000
cdd,EC:3.5.4.5/0.9988
galS,EC:3.1.4.52/0.0000
lysP,EC:3.1.1.7/0.0005
yeiP,EC:3.6.4.12/0.0071
mepS,EC:3.4.17.13/0.9968
yejM,EC:2.7.8.20/0.0172
ccmG,EC:1.8.1.8/0.0000
ccmB,EC:1.5.1.39/0.0000,EC:3.1.1.85/0.0000
napC,EC:1.7.2.2/0.0232
rcsB,EC:3.6.4.12/0.0037
gyrA,EC:5.6.2.2/0.9568
nrdA,EC:1.17.4.1/0.8563
nrdB,EC:1.17.4.1/0.8652
menD,EC:2.2.1.9/0.9973
elaB,EC:3.1.1.3/0.0012
nuoM,EC:1.12.98.3/0.7276
nuoL,EC:7.1.1.2/0.0529,EC:1.12.98.3/0.0351
nuoK,EC:1.12.98.3/0.6683
nuoJ,EC:1.12.98.3/0.4886
nuoG,EC:1.7.5.1/0.0001
nuoE,EC:1.12.1.2/0.0176
nuoB,EC:1.12.98.3/0.0002,EC:7.1.1.2/0.0001
nuoA,EC:1.12.98.3/0.0008
alaA,EC:2.6.1.2/0.9937
yfbS,EC:3.6.1.27/0.0004
hxpA,EC:3.1.3.50/0.9713,EC:3.1.3.22/0.9364
group_2452,EC:2.4.2.47/0.0001
yfcE,EC:3.1.3.3/0.0000,EC:4.2.1.19/0.0000
hisP,EC:7.4.2.12/0.1186
purF,EC:2.4.2.14/0.9961
folC,EC:6.3.2.12/0.9956
truA,EC:5.4.99.12/0.9961
usg,EC:1.2.1.11/0.6166
flk,EC:3.6.5.5/0.0008,EC:2.7.1.199/0.0007
yfcA,EC:3.1.3.27/0.0001
mepA_1,EC:3.2.1.98/0.0000,EC:3.1.21.1/0.0000
group_1043,EC:3.2.2.22/0.0881
mlaA,EC:3.4.23.36/0.0054
atpI,EC:2.7.1.202/0.0005
atpB,EC:7.1.1.2/0.0000
atpE,EC:2.1.1.86/0.0119
atpF,EC:1.8.1.8/0.0006,EC:3.1.11.6/0.0005
atpA,EC:7.1.2.2/0.9977
rnpA,EC:3.1.26.5/0.9949
rpmH,EC:3.1.26.5/0.0001
dnaN,EC:3.1.11.2/0.0001
group_2563,EC:3.1.21.4/0.4051
group_7003,EC:2.7.7.88/0.0000,EC:2.1.1.375/0.0000,EC:2.7.2.7/0.0000
group_6050,EC:3.1.21.4/0.0008
group_38,EC:3.1.21.4/0.0000,EC:7.5.2.5/0.0000,EC:7.3.2.6/0.0000,EC:1.18.1.3/0.0000,EC:1.18.1.1/0.0000
mngA,EC:3.1.3.3/0.0002
mak_2,EC:2.7.1.59/0.0462
gltS,EC:7.2.1.1/0.0002
gmk,EC:2.7.4.8/0.9982
slmA,EC:2.7.13.3/0.0155
dut,EC:3.6.1.23/0.9984
rpmB,EC:3.1.26.5/0.0005
rpmG,EC:2.7.7.6/0.0014
coaD,EC:2.7.7.3/0.9973
waaF,EC:2.1.1.187/0.0000
kbl_2,EC:2.3.1.29/0.9981
tdh,EC:1.1.1.103/0.9987
gpmM,EC:5.4.2.12/0.9987
plaR,EC:3.7.1.5/0.0000
glyQ,EC:6.1.1.14/0.9977
cspA,EC:5.2.1.8/0.1076
yiaG,EC:3.6.4.12/0.0001
group_4621,EC:7.2.2.4/0.0001
yiaD,EC:4.2.3.47/0.0001
kdgK,EC:2.7.1.45/0.9984
metN,EC:7.4.2.11/0.9976
metI,EC:3.4.25.1/0.0001
proS,EC:6.1.1.15/0.9984
accA,EC:2.1.3.15/0.9959
lpxA,EC:2.3.1.129/0.9977
skp,EC:2.7.13.3/0.0000
rseP,EC:3.4.21.102/0.0000
frr,EC:3.6.4.12/0.0018
pyrH,EC:2.7.4.22/0.9980
rpsB,EC:2.7.4.6/0.0000
map,EC:3.4.11.18/0.9370
dapD,EC:2.3.1.117/0.9988
mtn,EC:3.2.2.9/0.9989
btuF_1,EC:1.1.1.169/0.0001
hemL,EC:5.4.3.8/0.9932
dksA,EC:3.1.11.6/0.0419
pcnB,EC:2.7.7.19/0.8712
can,EC:4.2.1.1/0.9689
pdhR,EC:2.7.13.3/0.0020
coaE,EC:2.7.1.24/0.9976
secA,EC:7.4.2.8/0.9988
lpxC,EC:3.5.1.108/0.9984
ftsQ,EC:3.1.26.5/0.0001
ddlB,EC:6.3.2.4/0.9851
murC,EC:6.3.2.8/0.9966
mraY,EC:2.7.8.13/0.9985
murE,EC:6.3.2.13/0.9962
ftsI,EC:3.4.16.4/0.9918
ftsL,EC:3.1.1.5/0.0000,EC:3.1.1.32/0.0000
mraZ,EC:3.1.11.5/0.0000
ilvH,EC:2.2.1.6/0.9953
leuB,EC:1.1.1.85/0.9984
surA,EC:5.2.1.8/0.9252
rsmA,EC:2.1.1.182/0.9977
group_5735,EC:2.4.1.250/0.0000
apaH,EC:3.6.1.41/0.9988
carA,EC:6.3.5.5/0.9972
lspA,EC:3.4.23.36/0.9988
ribF,EC:2.7.1.26/0.9888
rpsT,EC:4.4.1.24/0.0001
nhaA,EC:2.4.1.129/0.0001,EC:3.4.23.43/0.0001
satP,EC:2.5.1.141/0.0000,EC:7.1.1.9/0.0000,EC:2.1.1.68/0.0000
mog,EC:2.7.7.75/0.9930
talB,EC:2.2.1.2/0.9942
thrC,EC:4.2.3.1/0.9955
thrA,EC:1.1.1.3/0.9971
ytjB,EC:2.7.13.3/0.7782
deoD,EC:2.4.2.1/0.9974
deoC,EC:4.1.2.4/0.9878
group_6548,EC:2.1.3.1/0.0002
prfC,EC:3.6.5.n1/0.0320
group_3950,EC:3.2.1.117/0.0081
group_2258,EC:3.1.21.4/0.0105
dppD_2,EC:7.2.2.11/0.9125
ddpC,EC:2.3.1.284/0.0000,EC:2.7.8.40/0.0000
fdhF_2,EC:2.4.99.21/0.0000
alsR,EC:5.3.1.28/0.0000,EC:1.1.1.347/0.0000
ghoT,EC:1.14.18.3/0.0000
dsbD,EC:1.8.1.8/0.9988
cutA,EC:1.14.99.48/0.0001
groS,EC:3.4.21.88/0.0004
groL,EC:5.6.1.7/0.9985
efp,EC:3.6.4.12/0.0070
gdx,EC:1.1.1.62/0.0004,EC:1.2.1.n2/0.0003
frdD,EC:1.7.2.1/0.0012
frdB,EC:1.3.5.4/0.9944
epmA,EC:6.1.1.6/0.0101
psd,EC:4.1.1.65/0.9967
orn,EC:3.1.11.2/0.0030
tsaE,EC:2.3.1.234/0.0001
hfq,EC:2.7.11.1/0.0049
hflX,EC:3.1.26.12/0.0466
hflC_1,EC:5.2.1.8/0.0545
nsrR,EC:3.1.11.5/0.0007
rlmB,EC:2.1.1.185/0.9989
rpsF,EC:4.2.1.91/0.0002
rpsR,EC:3.1.26.5/0.0001
rplI,EC:2.7.1.193/0.0000
fklB,EC:5.2.1.8/0.1276
ytfH,EC:3.1.1.32/0.0040
ytfK,EC:1.3.7.7/0.0006
ytfP,EC:4.3.2.6/0.7406
ytfR,EC:7.5.2.9/0.9987
group_7563,EC:3.6.4.12/0.0002,EC:4.2.99.18/0.0001,EC:5.4.99.24/0.0001,EC:2.7.7.7/0.0000,EC:3.2.2.23/0.0000
ridA,EC:3.5.99.10/0.9945
pyrI,EC:2.7.7.6/0.0031
pyrB,EC:2.1.3.2/0.9923
group_2564,EC:1.13.11.53/0.0013
lptG_2,EC:3.4.16.4/0.0001,EC:2.7.1.208/0.0001
group_8277,EC:3.1.21.4/0.0084
group_8279,EC:3.1.21.4/0.0111
group_8278,EC:3.1.21.4/0.6361
group_2565,EC:2.3.1.57/0.0002,EC:2.3.1.82/0.0001
minE,EC:2.7.7.6/0.0008
minC,EC:2.7.1.202/0.0000
ycgM,EC:3.7.1.5/0.0014,EC:4.2.1.80/0.0014
umuD_1,EC:3.4.21.88/0.0048
emtA,EC:4.2.2.n2/0.9986
ychF,EC:3.6.5.3/0.0154
prs,EC:2.7.6.1/0.9988
ispE,EC:2.7.1.148/0.9964
ychA,EC:2.7.1.180/0.0005,EC:4.99.1.12/0.0004
ychN,EC:1.4.99.5/0.0000,EC:1.14.12.12/0.0000
narK,EC:2.1.1.210/0.0000
narI,EC:1.7.5.1/0.9896
purU,EC:3.5.1.10/0.9980
galU,EC:2.7.7.9/0.9965
hns_2,EC:3.6.4.12/0.0045
ychE,EC:7.2.1.1/0.0004
oppC,EC:6.6.1.1/0.0000
group_6756,EC:1.12.1.2/0.0001
yciA,EC:3.1.2.29/0.0005
yciC,EC:2.7.13.3/0.0012
yciO,EC:3.1.26.5/0.0100,EC:2.7.7.87/0.0070
yciN,EC:6.4.1.6/0.0000,EC:1.14.13.244/0.0000,EC:2.3.1.263/0.0000,EC:4.7.1.1/0.0000
ribA,EC:3.5.4.25/0.9970
group_6268,EC:6.4.1.8/0.0072
fabI,EC:1.3.1.9/0.9845
acrA_2,EC:2.4.1.353/0.0000,EC:3.4.21.107/0.0000,EC:7.2.2.10/0.0000
sapF,EC:7.2.2.11/0.0091
sapD,EC:7.4.2.9/0.0002
sapC,EC:3.1.1.3/0.0003
sapB,EC:2.4.1.129/0.0401
pspA,EC:2.7.13.3/0.0093
pspB,EC:7.2.4.2/0.0001
group_6768,EC:2.7.13.3/0.0001,EC:7.5.2.5/0.0000
tpx,EC:1.11.1.24/0.9918
group_6269,EC:1.11.1.13/0.0048
rlmJ,EC:2.1.1.266/0.9988
yhhN,EC:3.3.2.2/0.1640
ftsX,EC:2.7.13.3/0.1034
rpoH,EC:6.6.1.2/0.0003
ugpE,EC:7.6.2.2/0.0005
gntR,EC:2.3.1.85/0.0000
yhgN,EC:3.6.1.27/0.5657
asd,EC:1.2.1.11/0.9930
glgX,EC:3.2.1.196/0.9989
glgA,EC:2.4.1.21/0.9984
nfuA,EC:1.8.1.4/0.0000
feoA,EC:4.1.3.40/0.0000
yrfG,EC:3.1.3.23/0.0006,EC:3.1.3.77/0.0004,EC:3.1.3.10/0.0003
aroB,EC:4.2.3.4/0.9986
group_6251,EC:5.3.1.26/0.0140
nirD,EC:1.7.1.15/0.9989
yhfK,EC:2.7.13.3/0.0011
crp,EC:2.7.13.3/0.0000
group_4698,EC:3.5.1.5/0.0001
group_5580,EC:7.1.1.1/0.0002,EC:2.3.3.13/0.0001
slyX,EC:1.8.1.9/0.0000
fkpA,EC:5.2.1.8/0.5759
yheO,EC:2.7.1.121/0.0003
rpsL,EC:3.1.21.10/0.0010,EC:3.1.26.5/0.0007
fusA,EC:3.6.5.n1/0.5822
mutY,EC:3.2.2.31/0.9957
trmB,EC:2.1.1.33/0.9967
yggL,EC:2.1.1.148/0.0003
group_4311,EC:5.3.4.1/0.0051
pgk,EC:2.7.2.3/0.9986
fbaA,EC:4.1.2.13/0.9887
serA,EC:1.1.1.399/0.9981,EC:1.1.1.95/0.9975
group_6799,EC:2.7.7.6/0.0001
xerD,EC:2.7.7.7/0.0022
recJ,EC:3.1.4.59/0.0043
yqeA_1,EC:2.7.2.2/0.9984
ygeX,EC:4.3.1.15/0.9987
lysA,EC:4.1.1.20/0.9546
galR,EC:1.1.1.50/0.0000
group_4696,EC:7.5.2.13/0.0000
group_4497,EC:3.6.1.27/0.0039
rppH,EC:3.6.1.67/0.0074
argA,EC:2.3.1.1/0.8994
suhB,EC:3.1.3.25/0.9976
trmJ,EC:2.1.1.200/0.9988
iscR,EC:2.7.13.3/0.0007
iscA,EC:6.4.1.3/0.0006
iscX,EC:6.4.1.6/0.0086,EC:1.12.1.2/0.0084
ndk,EC:2.7.4.6/0.9985
ispG,EC:1.17.7.3/0.9982
yfgM,EC:1.8.1.8/0.0002
guaB,EC:1.1.1.205/0.9971
guaA,EC:6.3.5.2/0.9988
purN,EC:2.1.2.2/0.9890
yfgO,EC:2.7.13.3/0.0000,EC:3.6.1.27/0.0000
gcvR,EC:2.2.1.6/0.0865
purC,EC:6.3.2.6/0.9986
group_5581,EC:2.1.1.86/0.0011
dapE,EC:3.5.1.18/0.9975
yfeX,EC:1.3.98.5/0.0003
ucpA,EC:1.1.1.163/0.0001,EC:1.1.1.233/0.0001,EC:1.1.1.245/0.0000
cysP,EC:4.1.1.55/0.0001
crr,EC:2.7.1.193/0.0039
ptsH,EC:2.7.1.202/0.0004
cysZ,EC:3.4.21.105/0.0001
ligA,EC:6.5.1.2/0.9987
yfeC,EC:3.1.21.4/0.0093
glk,EC:2.7.1.2/0.9989
soxS,EC:3.1.26.5/0.0000
group_8069,EC:3.1.2.2/0.0000
group_7324,EC:3.6.1.9/0.0001
group_6248,EC:3.4.21.88/0.9986
ubiA,EC:2.5.1.39/0.9988
malF,EC:3.1.1.41/0.0000
metA,EC:2.3.1.46/0.9984
group_274,EC:3.1.21.4/0.0429
group_3358,EC:5.6.2.1/0.0000
umpG,EC:3.1.3.6/0.9988,EC:3.6.1.11/0.9989
group_7063,EC:2.1.1.86/0.0001
cysH,EC:1.8.4.8/0.9989
scrB,EC:3.2.1.26/0.9586
eno,EC:4.2.1.11/0.9981
ppnN,EC:3.2.2.10/0.9984
fucO,EC:1.1.1.77/0.9985
mltA,EC:4.2.2.n1/0.1324
group_1259,EC:1.3.7.5/0.0128,EC:4.2.3.38/0.0065
yihA,EC:2.7.1.12/0.0001
csqR_2,EC:2.4.2.22/0.0000
dtd,EC:3.1.1.96/0.9984
cpxR,EC:2.7.13.3/0.0001
fieF,EC:3.1.3.12/0.0001
pfkA,EC:2.7.1.11/0.9984
tpiA,EC:5.3.1.1/0.9979
rraA,EC:4.1.3.17/0.9950,EC:4.1.1.112/0.9888
menA,EC:2.5.1.74/0.9975
hslU,EC:6.6.1.1/0.0003
hslV,EC:3.4.25.2/0.9989
rpmE,EC:7.1.1.1/0.0002
ykgM,EC:2.7.7.6/0.0001
insA6,EC:3.1.26.5/0.0007
intS_2,EC:5.6.2.1/0.0001
fre,EC:1.5.1.41/0.9985
rfaH,EC:2.7.7.106/0.0001,EC:3.1.26.5/0.0000
tatC,EC:2.3.1.269/0.0002
tatB,EC:2.3.2.27/0.0001
ubiE,EC:2.1.1.201/0.9989,EC:2.1.1.163/0.9985
xynR,EC:1.5.1.36/0.0000,EC:3.8.1.9/0.0000,EC:1.14.15.4/0.0000
ptsG_2,EC:2.7.1.208/0.6561
bioP,EC:2.1.1.17/0.0005
pldB,EC:3.1.1.5/0.0287
pldA,EC:3.1.1.32/0.9591
dapF,EC:5.1.1.7/0.9982
hemY,EC:5.2.1.8/0.0007,EC:2.7.7.6/0.0006
yjiG,EC:7.2.4.1/0.0001
yjiX,EC:2.1.1.86/0.0004
dnaC,EC:3.6.4.12/0.0009,EC:3.6.4.13/0.0007
yjjB,EC:2.7.1.192/0.0000,EC:2.2.1.12/0.0000
group_2872,EC:1.1.1.31/0.0005
group_1426,EC:2.1.1.72/0.0000,EC:2.7.1.161/0.0000
group_2950,EC:2.7.1.176/0.0000,EC:1.4.1.4/0.0000,EC:3.1.21.4/0.0000
group_6925,EC:2.1.1.37/0.9526
group_42,EC:3.2.2.22/0.4438
group_5734,EC:1.14.14.46/0.0015
cdiI,EC:1.3.7.5/0.0017
group_6906,EC:3.1.1.5/0.0008,EC:2.3.1.269/0.0007,EC:3.1.1.3/0.0006
mdtJ_2,EC:3.1.1.3/0.0005
group_5557,EC:2.3.2.22/0.0000
group_6100,EC:2.3.1.222/0.9974
group_2101,EC:2.2.1.6/0.0001
pflC_1,EC:1.97.1.4/0.6776
cutC_2,EC:4.3.99.4/0.0947
adhE_2,EC:1.1.1.6/0.6713
group_1946,EC:4.2.1.32/0.0001
adhE_3,EC:1.2.1.81/0.0230
eutM_2,EC:2.2.1.6/0.0974
eutM_3,EC:2.2.1.6/0.0544
eutM_4,EC:2.2.1.6/0.0532
group_252,EC:3.2.2.5/0.0000,EC:3.2.2.22/0.0000,EC:2.4.2.31/0.0000,EC:4.4.1.20/0.0000
group_1841,EC:3.1.11.6/0.0003
group_6880,EC:2.7.1.58/0.0000,EC:2.7.1.178/0.0000
malY_3,EC:4.4.1.13/0.9794
rcsA_2,EC:3.1.26.5/0.0004
paaH,EC:1.1.1.157/0.2045
caiA_2,EC:1.3.8.14/0.0026
fenF,EC:2.3.1.39/0.1933
grsB,EC:6.2.1.53/0.0025
ppsE,EC:2.3.1.39/0.0001
aam,EC:3.5.1.4/0.1719
group_1036,EC:2.3.1.39/0.0004
flp,EC:3.5.2.6/0.1131
group_8292,EC:2.5.1.91/0.0000
group_8295,EC:3.1.1.32/0.3786
gshA,EC:6.3.2.2/0.9964
proX,EC:3.1.3.1/0.0000
group_6907,EC:3.1.1.3/0.0001
group_6468,EC:3.1.21.4/0.0000
yqaE,EC:1.1.5.2/0.0000
bamE,EC:7.2.1.1/0.0001
rpsP,EC:3.1.26.5/0.0009
rimM,EC:3.6.1.55/0.0000
rplS,EC:3.1.26.5/0.0009
aroF,EC:2.5.1.54/0.9973
tyrA,EC:1.3.1.12/0.9701
bamD,EC:3.1.11.6/0.0045
rluD,EC:5.4.99.23/0.9969
clpB,EC:3.4.21.53/0.0037
grcA,EC:2.3.1.222/0.0002
srmB,EC:3.6.4.13/0.5133
lepA,EC:3.6.5.n1/0.9989
lepB,EC:3.4.21.89/0.8642
rnc,EC:3.1.26.3/0.9984
glyA,EC:2.1.2.1/0.9983
group_8296,EC:3.1.21.4/0.0009
group_577,EC:3.1.11.3/0.0061
group_864,EC:4.2.1.28/0.0795
group_3446,EC:2.7.2.3/0.0000
hypC,EC:2.1.1.258/0.0000
hypA,EC:2.7.7.6/0.0002
hycC,EC:1.12.98.3/0.1281
hycH,EC:2.1.1.148/0.0106
srlR_2,EC:2.1.1.151/0.0000
srlD,EC:1.1.1.140/0.9977
recA,EC:7.1.2.2/0.0008
csrA,EC:2.7.13.3/0.0000,EC:3.6.1.23/0.0000
group_7883,EC:2.1.1.243/0.0000
rplQ,EC:3.1.26.5/0.0173
rpsD,EC:2.7.7.6/0.0003
rpsM,EC:3.1.21.10/0.0001
rpmJ,EC:3.1.26.5/0.0206
secY,EC:2.7.7.6/0.0000,EC:2.7.1.199/0.0000
rplO,EC:2.7.7.6/0.0000
rpmD,EC:3.1.26.5/0.0118
rpsE,EC:2.7.7.6/0.0000
rplR,EC:3.1.26.5/0.0226
rplF,EC:5.2.1.8/0.0000,EC:2.7.7.6/0.0000
rpsH,EC:3.1.26.5/0.0010
rpsN,EC:3.1.26.5/0.0019
rplE,EC:2.7.7.6/0.0014,EC:3.1.26.5/0.0014
rplX,EC:3.1.26.5/0.0006
rplN,EC:3.1.26.5/0.0004
rpsQ,EC:3.1.26.5/0.0087
rpmC,EC:4.4.1.24/0.0001
rplP,EC:3.1.21.10/0.0000,EC:3.1.26.5/0.0000
rpsC,EC:3.1.26.5/0.0006
rplV,EC:3.1.26.5/0.0000
rpsS,EC:3.1.26.5/0.0048
rplB,EC:3.1.21.10/0.0000
rplW,EC:3.1.26.5/0.0428
rplD,EC:3.1.1.29/0.0003,EC:2.7.7.6/0.0002,EC:3.1.26.5/0.0002
rplC,EC:4.4.1.24/0.0034
rpsJ,EC:3.1.26.5/0.1279
proB,EC:2.7.2.11/0.9987
ldtF,EC:3.6.1.45/0.0001
yafJ,EC:3.5.1.118/0.4385
gmhA,EC:5.3.1.28/0.9983
group_82,EC:6.2.1.14/0.0085
oxyR,EC:4.4.1.16/0.0000,EC:2.8.1.7/0.0000,EC:2.1.1.137/0.0000
fdnG_2,EC:1.9.6.1/0.0083
group_4974,EC:2.3.1.71/0.0001,EC:5.5.1.12/0.0001
rnhA,EC:3.1.26.4/0.9909
group_683,EC:2.3.1.12/0.0005
ydeR_1,EC:3.4.24.76/0.0000
group_5240,EC:5.3.3.12/0.0000
group_8297,EC:3.1.1.4/0.0407
papB_1,EC:1.14.15.6/0.0005,EC:1.14.15.4/0.0003
secE,EC:2.3.1.275/0.0002
nusG,EC:2.7.7.6/0.0008
rplK,EC:4.1.99.2/0.0000
rplA,EC:3.1.26.5/0.0000,EC:2.7.7.6/0.0000,EC:4.4.1.24/0.0000,EC:3.6.4.12/0.0000
rplJ,EC:2.7.1.191/0.0007
group_6605,EC:1.3.7.5/0.0001
hupA,EC:7.2.1.2/0.0001
group_5936,EC:6.2.1.14/0.0021
group_5431,EC:2.7.7.6/0.0010,EC:6.2.1.14/0.0009,EC:4.2.1.2/0.0007
sfmF,EC:1.16.1.7/0.0001
betI_3,EC:2.7.13.3/0.0001
srp54,EC:2.7.10.2/0.0000
group_6397,EC:4.2.3.38/0.0125
yeeZ,EC:1.1.1.133/0.0001
group_6908,EC:5.4.99.5/0.0088
virF,EC:2.7.13.3/0.0021
fimC_5,EC:2.6.1.1/0.0000
insF5_1,EC:2.7.7.49/0.0079
argP_2,EC:2.7.1.58/0.0001
lysU_2,EC:6.1.1.6/0.9981
group_4626,EC:2.7.7.19/0.0053
cadA_2,EC:4.1.1.18/0.9981
cadB_2,EC:1.1.1.102/0.0000
deoR_2,EC:2.2.1.12/0.0016
group_8360,EC:4.2.3.23/0.0039
frmR,EC:2.5.1.17/0.0005
group_8366,EC:5.4.99.5/0.1125
group_8377,EC:6.4.1.6/0.0000
group_8378,EC:3.2.2.17/0.0019,EC:2.1.1.148/0.0013
group_1842,EC:3.2.2.5/0.0327
group_6529,EC:1.3.7.3/0.5128
maoP,EC:1.14.13.25/0.1121
ilvM,EC:2.2.1.6/0.7574
trxA,EC:1.8.1.8/0.1309
wecB,EC:5.1.3.14/0.9987
wecE,EC:2.6.1.59/0.9985
wzyE,EC:3.1.21.4/0.0000
group_8388,EC:2.3.1.135/0.4076
group_8389,EC:3.2.2.22/0.0001
yaaW_2,EC:3.2.2.5/0.0113,EC:2.4.2.31/0.0050
group_8385,EC:3.1.21.4/0.0001
group_8384,EC:6.2.1.14/0.0375
group_8390,EC:3.1.1.4/0.0146
