group_8542,EC:2.1.1.86/0.0236
dgcE_2~~~dgcE_1,EC:2.7.13.3/0.8885
noc~~~noc_1~~~noc_2~~~noc_3~~~spo0C,EC:5.6.2.1/0.0000
group_19861,EC:1.11.1.7/0.0014
group_3461,EC:3.6.4.12/0.0006
yfjI~~~yfjI_1~~~yfjI_2~~~yfjI_3,EC:3.6.1.15/0.0000,EC:3.1.21.5/0.0000
group_3463,EC:5.2.1.8/0.0041,EC:2.4.1.198/0.0031
group_13818,EC:3.2.2.29/0.0011
group_8916,EC:2.7.7.48/0.0003
yagK_1~~~yagK~~~yfjJ_1~~~yagK_2~~~yfjJ,EC:6.5.1.1/0.0013
group_9084,EC:3.5.4.13/0.0000
group_19862,EC:1.11.1.7/0.0235
group_3466,EC:2.1.1.148/0.0046
group_3467,EC:4.99.1.10/0.0021,EC:6.2.1.14/0.0018
group_3468,EC:4.2.1.2/0.1690
group_3470,EC:4.2.2.n2/0.9063,EC:3.2.1.17/0.7353
group_3471,EC:1.14.13.128/0.0087
group_3475,EC:1.14.14.1/0.0004,EC:3.1.1.74/0.0004
group_19863,EC:2.1.1.148/0.0794
group_15860,EC:2.4.2.31/0.0001
group_3477,EC:3.1.21.4/0.0001
group_3478,EC:3.1.21.2/0.0002
group_19864,EC:6.4.1.8/0.1129
group_3479,EC:3.1.21.4/0.2220
group_19865,EC:3.1.21.4/0.0003
group_3480,EC:1.1.1.176/0.0000
group_19693,EC:2.3.1.282/0.0002
ykfA_1~~~yfjP_4~~~yfjP_3~~~yfjP_1,EC:2.3.2.27/0.0001
group_3482,EC:3.4.24.20/0.0000
insF5_2~~~insF5_1,EC:3.1.3.2/0.0003,EC:3.1.3.48/0.0002
group_19866,EC:3.1.21.3/0.0102
group_3485,EC:2.7.7.68/0.0001,EC:3.1.11.3/0.0001,EC:2.7.1.161/0.0001
group_3486,EC:3.1.21.4/0.0004,EC:3.1.7.6/0.0004,EC:2.7.7.88/0.0003,EC:2.1.1.375/0.0003
group_8923,EC:5.4.99.5/0.1435
group_19867,EC:2.7.7.6/0.0000,EC:1.16.1.7/0.0000
group_10540,EC:2.1.1.57/0.0001
nuc~~~yhcR_2~~~yhcR,EC:3.1.31.1/0.6849
group_3489,EC:4.2.1.2/0.0046,EC:2.7.7.6/0.0035
group_3495,EC:2.1.1.86/0.0016,EC:3.4.17.6/0.0011,EC:1.1.5.2/0.0007
group_3490,EC:3.1.26.8/0.0000
group_3491,EC:3.1.21.4/0.0001
group_3492,EC:1.14.14.126/0.0003
group_19869,EC:2.1.1.72/0.0154
group_3496,EC:3.1.21.4/0.0173
group_3497,EC:3.1.21.4/0.0107
group_3499,EC:3.1.21.4/0.0031
group_3500,EC:6.2.1.14/0.0004
group_19870,EC:5.2.1.8/0.0005
group_8442,EC:4.2.1.28/0.0000,EC:2.3.3.9/0.0000
group_3501,EC:3.1.21.4/0.0045
group_3502,EC:4.1.1.44/0.0010
group_3503,EC:1.12.1.2/0.1190
group_3504,EC:1.12.1.2/0.0012
group_19871,EC:1.12.98.3/0.0143
arsD_2~~~arsD_1~~~arsD,EC:1.11.1.24/0.0000,EC:4.99.1.10/0.0000
rusA_2~~~rusA_1~~~rusA_3~~~rusA~~~rusA_4~~~rusA_6,EC:3.1.21.10/0.0072,EC:3.2.2.29/0.0055
group_3505,EC:4.2.1.81/0.0000
rusA~~~rusA_1~~~rusA_2~~~rusA_3~~~rusA_5~~~rusA_4,EC:3.1.21.10/0.0149
group_3506,EC:4.2.1.2/0.0860,EC:2.7.7.6/0.0543
group_3507,EC:5.3.1.26/0.0000
group_3508,EC:2.3.1.48/0.0002
group_3509,EC:2.7.7.6/0.0000
group_3510,EC:3.1.2.14/0.0276
yjaB_1~~~yjaB~~~yjaB_2,EC:2.3.1.178/0.0000
group_3512,EC:6.5.1.1/0.0028
group_3513,EC:3.2.2.22/0.0057,EC:2.1.1.86/0.0038
group_3514,EC:4.7.1.1/0.1673
group_3515,EC:2.1.1.37/0.9807
group_19873,EC:3.5.2.6/0.0010
group_19874,EC:1.11.1.7/0.0052
group_19876,EC:1.3.7.3/0.0060
group_19878,EC:2.4.2.31/0.0000,EC:2.7.13.3/0.0000
iraM,EC:3.4.21.84/0.0018
group_3516,EC:3.5.1.76/0.0118,EC:1.12.2.1/0.0075
group_3518,EC:2.4.1.198/0.0000
group_3519,EC:2.1.1.86/0.0250
group_15177,EC:3.4.11.25/0.0000
ssb_3~~~ssb_2~~~ssb_1~~~ssb_4~~~ssb,EC:1.6.5.10/0.0017
group_19879,EC:2.4.1.175/0.9855,EC:2.4.1.226/0.9849
group_12844,EC:2.4.1.253/0.0000
group_3522,EC:1.14.13.25/0.0006
group_3523,EC:3.2.2.6/0.0014,EC:3.4.17.6/0.0010
group_19695,EC:3.4.17.6/0.0581
cysE_2~~~wcaB_2~~~lpxD_2~~~cysE_1,EC:3.1.1.32/0.0344
group_11481,EC:3.2.2.22/0.0003,EC:2.1.1.318/0.0003
rfbA~~~rfbA_2~~~rfbA_1,EC:2.7.7.24/0.9985
fdtA,EC:5.3.2.3/0.9974
group_19880,EC:3.6.4.12/0.0060
group_16385,EC:2.4.2.3/0.0000
group_3526,EC:1.4.3.2/0.0010
group_19756,EC:3.1.21.4/0.0000
group_16624,EC:3.1.21.4/0.0068
group_3528,EC:3.4.22.39/0.0001
group_3529,EC:3.1.3.2/0.0007
group_19881,EC:3.1.21.4/0.0001
group_16939,EC:2.3.2.27/0.6480
group_3530,EC:4.2.1.2/0.0022
group_3531,EC:6.2.1.14/0.0016
tfaE~~~tfaE_3~~~tfaE_2~~~tfaE_1~~~tfaE_4,EC:2.3.1.54/0.0000,EC:4.3.99.4/0.0000
group_19882,EC:3.2.2.5/0.0025
intD~~~xerC_1~~~xerC_2~~~intD_2~~~intZ_2,EC:2.1.1.72/0.0001,EC:3.1.26.5/0.0001
essD_2~~~essD~~~essQ,EC:4.2.1.81/0.0001
group_19883,EC:3.1.21.4/0.0000,EC:2.4.1.19/0.0000
stfE_1~~~stfE,EC:3.1.3.78/0.0004
group_3534,EC:4.1.2.25/0.0084
group_3539,EC:2.3.1.48/0.0005
group_3536,EC:2.7.7.7/0.0002
group_3537,EC:3.1.21.4/0.0014
group_3538,EC:2.4.2.4/0.0007
group_19884,EC:3.1.21.4/0.0106
group_17029,EC:4.2.1.152/0.0005
group_3540,EC:3.5.1.76/0.0088
group_10560,EC:3.1.21.4/0.0052,EC:6.2.1.14/0.0051
group_3542,EC:2.3.2.27/0.0365,EC:2.7.7.6/0.0233
group_3543,EC:3.2.2.22/0.0000,EC:3.6.4.12/0.0000
group_3544,EC:4.2.1.28/0.0002
group_3546,EC:1.4.9.1/0.0015
group_19885,EC:2.1.1.86/0.0002
group_19886,EC:3.1.21.4/0.0005
group_3549,EC:3.1.21.4/0.0003
group_3551,EC:4.1.99.11/0.0000
group_3552,EC:2.3.2.27/0.0013
group_14180,EC:1.1.1.47/0.0001
group_19851,EC:2.4.1.305/0.0000
group_3554,EC:5.2.1.8/0.0055
group_3555,EC:3.2.1.129/0.0000
group_19790,EC:3.1.4.1/0.0013
group_8475,EC:4.2.1.2/0.0016
group_3559,EC:3.1.21.3/0.0004,EC:6.1.1.10/0.0002
group_3558,EC:4.2.3.168/0.0001
group_9203,EC:3.1.21.10/0.0015,EC:3.1.21.4/0.0014
group_18931,EC:1.14.13.25/0.0004
group_3560,EC:2.1.1.148/0.2767
group_16200,EC:4.2.1.104/0.0199
group_3562,EC:4.2.3.195/0.0001
group_11101,EC:4.2.3.168/0.0001,EC:4.2.3.167/0.0001
group_3564,EC:3.2.1.81/0.0000,EC:2.4.1.248/0.0000
group_3565,EC:3.2.2.22/0.0005
group_3568,EC:2.7.7.6/0.0099
group_3570,EC:2.7.7.6/0.0105
group_9977,EC:1.4.3.2/0.0004,EC:5.3.4.1/0.0004
group_3571,EC:3.1.21.4/0.0011
group_19823,EC:3.3.1.2/0.0044
ynbA,EC:2.7.8.41/0.2139
group_19887,EC:3.5.1.56/0.0004
group_3573,EC:2.7.1.161/0.0006
ybcO~~~ybcO_1~~~ybcO_2~~~ybcO_3,EC:3.1.21.4/0.0012,EC:3.1.26.8/0.0008,EC:6.3.4.22/0.0006
ylcG~~~ylcG_2~~~ylcG_1,EC:3.2.1.2/0.0226,EC:1.4.3.2/0.0142
group_3574,EC:2.3.1.263/0.1855
group_3575,EC:1.4.3.2/0.0024
group_17907,EC:4.2.3.167/0.0032,EC:4.2.3.168/0.0026
group_17881,EC:3.4.22.65/0.0074
group_3578,EC:3.1.26.5/0.0038
group_8417,EC:2.1.1.86/0.0007
yhhI_1~~~yhhI_2~~~yhhI~~~yhhI_4~~~ybfD_2~~~yhhI_3,EC:2.7.7.49/0.0001,EC:2.5.1.87/0.0001
group_3582,EC:4.2.3.167/0.0012,EC:4.2.3.168/0.0012
group_3583,EC:4.2.1.152/0.0001
group_19875,EC:5.4.99.1/0.0011
group_12745,EC:3.1.21.4/0.0006,EC:2.3.1.263/0.0004
group_3584,EC:3.1.26.5/0.0001
intZ_1~~~intZ~~~intZ_2~~~intZ_4~~~intB,EC:3.4.21.45/0.0000
group_3585,EC:3.1.1.14/0.0014
group_19454,EC:2.3.1.48/0.0394
group_3587,EC:6.2.1.14/0.1578
group_3588,EC:6.4.1.6/0.0002
group_3590,EC:5.4.99.5/0.0052
group_13815,EC:3.1.4.50/0.0050
rusA_2~~~rusA~~~rusA_1~~~rusA_4~~~rusA_3~~~rusA_6~~~rusA_5,EC:3.1.21.10/0.0037
group_3591,EC:5.3.99.6/0.0001
ydfU~~~ydfU_3~~~ydfU_1~~~ydfU_2~~~ydfU_7~~~ydfU_4,EC:3.6.5.n1/0.0000,EC:3.1.11.1/0.0000,EC:2.7.7.6/0.0000
group_3592,EC:3.2.2.22/0.0000
group_3593,EC:2.7.8.37/0.0000
group_3594,EC:3.1.26.5/0.0005,EC:3.1.21.4/0.0003
group_19888,EC:3.1.21.4/0.0020
group_10577,EC:3.2.2.6/0.0004
rzpD_6~~~rzpD_1~~~rzpD_3~~~rzpD_5~~~rzpD_2~~~rzpD_4~~~rzpD,EC:1.8.1.9/0.0000
rzpD_3~~~rzpD_4~~~rzpD_2,EC:1.8.1.9/0.0000,EC:1.8.3.2/0.0000
traN_2~~~traN_1~~~traN,EC:3.2.2.22/0.0001
group_3599,EC:1.4.9.1/0.0149
group_10578,EC:2.1.1.86/0.0101
group_19889,EC:3.2.2.5/0.0014
group_19890,EC:3.2.2.5/0.0002
traC_1,EC:5.6.2.1/0.0004
group_19891,EC:3.5.2.6/0.0051,EC:3.1.3.2/0.0047,EC:1.11.1.7/0.0046
rraB_2~~~rraB,EC:1.12.1.2/0.0011
cbeA_2~~~cbeA_1~~~cbeA_3~~~cbeA_4~~~cbeA,EC:3.6.1.12/0.0012,EC:2.1.1.57/0.0010,EC:2.5.1.151/0.0006,EC:1.16.1.6/0.0006
group_19892,EC:2.7.10.1/0.0004
ydfU_2,EC:2.1.1.148/0.0001,EC:3.1.21.4/0.0000,EC:3.2.2.5/0.0000,EC:2.4.2.31/0.0000
group_19893,EC:1.11.1.7/0.0438
group_3608,EC:4.2.3.104/0.0143
group_3610,EC:2.7.7.6/0.0001
group_3614,EC:2.4.2.4/0.0000
group_3612,EC:3.2.1.55/0.0010
group_19894,EC:1.3.7.12/0.0378
group_3615,EC:2.3.1.48/0.0002
group_8338,EC:2.1.1.113/0.0001,EC:2.4.1.27/0.0001
group_9889,EC:6.5.1.1/0.0912
group_9890,EC:3.5.1.135/0.0284
group_19895,EC:3.5.2.6/0.0423
group_3617,EC:3.1.3.78/0.0003
arnB_2,EC:2.6.1.33/0.9977
group_3619,EC:2.1.1.86/0.0007
bioH_1~~~mhpC,EC:3.1.1.85/0.1414
tfaQ_4~~~tfaQ_1~~~tfaD~~~tfaQ_2~~~tfaQ~~~tfaD_1~~~tfaD_2~~~tfaR,EC:2.4.1.198/0.0000
ydaW_2~~~ydaW,EC:3.1.1.29/0.0001,EC:3.1.26.5/0.0001
group_3620,EC:2.1.1.72/0.0012
group_3621,EC:3.4.23.16/0.0007
group_3622,EC:6.2.1.54/0.0001
group_12824,EC:1.14.13.244/0.0052
group_3623,EC:3.6.4.12/0.0076
dinG~~~dinG_2~~~dinG_3~~~dinG_1,EC:3.1.11.1/0.0031
group_10321,EC:5.2.1.8/0.0000
group_3624,EC:2.7.7.6/0.0177
group_3625,EC:3.1.21.4/0.0001,EC:3.6.4.12/0.0000
group_14330,EC:3.1.21.4/0.0039
group_3627,EC:3.1.21.10/0.0000
group_16199,EC:2.7.7.49/0.0690,EC:2.7.7.48/0.0333
yfjI~~~yfjI_1,EC:3.1.21.5/0.0000
group_18465,EC:3.4.25.1/0.0000
pinE_3~~~pinE~~~pinE_2,EC:2.4.2.31/0.3743
group_3630,EC:3.5.1.106/0.0000
group_19896,EC:3.1.1.88/0.0000
group_3632,EC:3.2.2.22/0.0001
group_3634,EC:3.1.21.4/0.0011
group_3636,EC:2.1.1.72/0.0015
group_9151,EC:3.2.1.129/0.0023
yfcR~~~yfcR_1,EC:3.2.1.81/0.0000,EC:3.1.1.14/0.0000
group_19897,EC:3.5.1.2/0.0002,EC:4.3.3.6/0.0002
cdtB,EC:3.1.21.1/0.3313
hpcE~~~ycgM_1,EC:4.1.1.68/0.9988,EC:5.3.3.10/0.9988
ydfB~~~ydfB_1~~~ydfB_2,EC:4.2.3.32/0.0001
group_11548,EC:3.2.2.22/0.0406
group_10180,EC:2.4.1.115/0.0000
group_3637,EC:2.4.2.30/0.0000
group_9407,EC:3.2.2.6/0.0198
group_3638,EC:3.1.3.69/0.0102
group_3639,EC:2.1.1.148/0.0046
group_3640,EC:4.2.1.28/0.0285
group_3641,EC:3.4.24.33/0.0008,EC:3.2.2.22/0.0004
group_3642,EC:5.4.99.5/0.0099
group_3644,EC:2.3.2.27/0.0000
group_3645,EC:2.4.2.31/0.0012
group_10517,EC:6.2.1.14/0.0003,EC:5.1.3.11/0.0002
group_15162,EC:2.4.2.31/0.7993
group_10519,EC:3.2.2.5/0.1775,EC:2.4.2.31/0.1323
group_9075,EC:2.4.2.31/0.0000
group_19898,EC:3.6.4.12/0.0018
group_19899,EC:2.7.13.3/0.0035
group_3647,EC:4.4.1.3/0.0033
group_3649,EC:3.1.21.4/0.0067,EC:6.2.1.14/0.0044,EC:3.1.21.10/0.0032
group_3650,EC:2.3.2.27/0.0023
group_12001,EC:1.14.13.25/0.0021
group_3651,EC:3.2.2.22/0.0013
borD_2~~~borD,EC:3.1.1.59/0.0001,EC:1.8.5.2/0.0000,EC:3.2.1.123/0.0000
group_3652,EC:6.6.1.2/0.0000,EC:3.6.4.12/0.0000
group_19900,EC:3.4.22.65/0.0012
group_3654,EC:3.1.21.4/0.0173
group_3655,EC:2.7.13.3/0.0079,EC:5.4.99.5/0.0062
group_14083,EC:3.3.1.2/0.0011
group_3656,EC:2.4.2.31/0.0004
group_17375,EC:3.4.23.50/0.0000
virF_1~~~virF~~~virF_2,EC:2.7.13.3/0.0008
group_3657,EC:3.1.21.4/0.0003
group_8334,EC:1.14.13.25/0.0001
group_16754,EC:3.1.1.4/0.0004,EC:3.1.1.32/0.0004
group_3659,EC:2.4.1.198/0.1524
ybfD~~~yhhI_2~~~yhhI~~~yhhI_1~~~ybfQ~~~yhhI_7~~~ybfD_1~~~ydcC~~~yhhI_5,EC:2.5.1.87/0.0003
group_19901,EC:1.12.1.2/0.4568
group_8341,EC:3.4.24.50/0.1769
group_3663,EC:3.2.2.6/0.0004,EC:3.1.21.4/0.0004
group_3664,EC:3.1.21.4/0.0014,EC:3.1.21.9/0.0006
group_8544,EC:2.7.11.7/0.0000
group_3665,EC:3.1.21.4/0.0011
group_10847,EC:3.1.21.4/0.0074
group_3666,EC:2.4.2.31/0.0006,EC:3.2.2.5/0.0005
group_19902,EC:3.2.1.129/0.0030
group_12852,EC:2.4.1.198/0.0307,EC:3.1.1.4/0.0184
group_3668,EC:2.1.1.72/0.4164
intD~~~intD_1,EC:3.4.23.50/0.0000
group_3671,EC:3.2.2.17/0.0119
ydfU_3~~~ydfU_2~~~ydfU_4~~~ydfU_1~~~ydfU~~~ydfU_5,EC:3.1.11.1/0.0000
group_3672,EC:3.1.21.4/0.0026
group_19903,EC:2.7.7.6/0.0014
group_19818,EC:4.2.2.19/0.0002
group_3675,EC:6.3.1.8/0.0000,EC:3.5.1.78/0.0000
group_3676,EC:3.1.21.4/0.0008
group_3677,EC:4.2.1.2/0.0059
group_12020,EC:4.2.1.2/0.0003
group_3678,EC:2.7.7.6/0.0012,EC:3.1.26.5/0.0005
group_3679,EC:1.14.13.244/0.0025
group_3680,EC:2.7.7.6/0.0003
yjdM,EC:2.7.7.6/0.1277
group_3682,EC:5.3.4.1/0.0000,EC:4.4.1.20/0.0000
group_3683,EC:2.1.1.148/0.0359
group_19904,EC:1.1.1.176/0.0001
group_3684,EC:2.4.2.31/0.0869
yfdK_2~~~yfdK~~~yfdK_3~~~yfdK_1,EC:4.3.99.4/0.0000
group_3685,EC:5.2.1.8/0.0035
pinE_2~~~pinE,EC:3.1.26.12/0.0035,EC:5.6.2.1/0.0021,EC:3.6.4.12/0.0013,EC:6.5.1.1/0.0010
group_11157,EC:2.4.2.49/0.0000
group_10485,EC:3.2.2.22/0.0167
cdiA_1~~~cdiA1~~~cdiA~~~cdiA_4,EC:2.7.7.88/0.0005,EC:2.1.1.375/0.0005
group_19905,EC:3.1.21.4/0.5881
group_19906,EC:4.3.99.4/0.0000
group_3692,EC:2.1.1.148/0.0074
group_19877,EC:3.6.4.12/0.0001
group_3694,EC:3.2.2.22/0.0606
group_9777,EC:1.14.13.244/0.0003,EC:4.2.3.140/0.0003
group_19908,EC:6.2.1.14/0.0129,EC:3.4.22.45/0.0128,EC:2.7.7.19/0.0090,EC:3.4.21.97/0.0080
group_3696,EC:2.7.7.65/0.0019
group_3698,EC:5.3.99.5/0.0000,EC:2.1.1.86/0.0000
group_3700,EC:3.5.1.56/0.0004,EC:1.4.3.2/0.0004,EC:6.2.1.14/0.0004
group_8441,EC:4.7.1.1/0.0000,EC:4.1.1.22/0.0000
group_19909,EC:2.4.1.198/0.0001,EC:5.2.1.8/0.0001
rem_2~~~rem_1~~~rem,EC:1.14.13.130/0.0001
group_3704,EC:5.5.1.12/0.0005,EC:2.1.1.148/0.0004,EC:3.1.21.4/0.0003
group_19910,EC:7.2.1.1/0.0001,EC:3.1.3.78/0.0000
stfR_3~~~dsdC~~~hdfR_1,EC:3.2.2.22/0.0052
group_3706,EC:2.7.7.6/0.0005,EC:4.7.1.1/0.0005
hicB_1~~~hicB,EC:2.7.7.6/0.0000
group_3707,EC:4.2.3.195/0.0000,EC:2.4.1.19/0.0000,EC:3.4.24.20/0.0000
group_19911,EC:4.2.3.167/0.0003,EC:4.2.3.168/0.0003
alpA~~~alpA_1,EC:1.5.1.44/0.0000
group_3709,EC:2.1.1.72/0.0022
group_3710,EC:3.2.2.5/0.0004,EC:2.3.3.9/0.0003
group_9882,EC:3.2.2.22/0.0018
group_9884,EC:2.1.1.72/0.9465
group_14130,EC:4.2.3.167/0.0002,EC:4.2.3.168/0.0001
group_14324,EC:2.3.1.48/0.0001,EC:5.3.4.1/0.0001
group_3712,EC:3.5.2.6/0.0001
group_3713,EC:3.1.21.4/0.0009,EC:2.1.1.72/0.0007
group_3714,EC:3.3.1.2/0.0078
group_19912,EC:2.4.1.198/0.0147,EC:5.2.1.8/0.0130
group_19913,EC:2.4.1.198/0.0000
group_3716,EC:3.1.21.1/0.0007
group_19914,EC:4.2.3.167/0.0003,EC:4.2.3.168/0.0002
group_3717,EC:3.5.1.76/0.0023
hemR~~~hemR_1~~~hemR_2,EC:1.14.14.1/0.0002
group_19915,EC:3.1.21.4/0.0697
group_19916,EC:3.6.4.12/0.0066
group_3718,EC:7.2.1.1/0.0000,EC:4.2.3.167/0.0000
ybdM_3~~~ybdM_1~~~ybdM_4~~~ybdM_2,EC:1.8.98.2/0.0001
group_3719,EC:4.2.3.167/0.0001,EC:4.2.3.168/0.0001
group_3720,EC:4.1.99.25/0.0000
group_3721,EC:4.2.3.168/0.0000,EC:4.2.3.167/0.0000
group_3722,EC:2.7.7.48/0.0000
tfaE_2~~~tfaE_1~~~tfaE_3~~~tfaE,EC:4.3.99.4/0.0000
group_19755,EC:3.1.1.4/0.0780
group_16940,EC:2.3.2.27/0.3400
group_3723,EC:1.3.7.3/0.9481
group_19917,EC:1.21.4.2/0.0006
group_8453,EC:1.3.7.3/0.0004
group_3725,EC:3.1.21.4/0.0004,EC:3.1.21.3/0.0003
group_3726,EC:2.4.1.198/0.0003
group_12285,EC:2.4.1.198/0.0039
group_19918,EC:2.4.1.198/0.0226
group_19919,EC:2.4.1.198/0.0003
group_19452,EC:2.7.13.3/0.0003,EC:2.5.1.18/0.0003
group_3728,EC:2.7.7.6/0.0004
group_3729,EC:2.7.7.48/0.0001
group_3730,EC:3.6.4.12/0.0104
group_3731,EC:3.4.24.84/0.0002
group_3732,EC:3.1.21.1/0.0000,EC:5.2.1.8/0.0000
group_3733,EC:3.1.21.1/0.0030
group_14552,EC:2.3.1.101/0.0001
group_12793,EC:2.3.2.13/0.0001
group_12794,EC:4.2.2.n2/0.0000
group_3735,EC:3.4.21.88/0.0000
group_19920,EC:5.6.2.1/0.0031,EC:3.6.4.12/0.0020
yjfZ,EC:3.4.21.97/0.0051
gfcE_2~~~gfcE_1,EC:2.4.1.129/0.0000,EC:3.4.16.4/0.0000
group_19921,EC:3.1.12.1/0.0004
group_3737,EC:1.1.1.176/0.0000,EC:4.2.2.17/0.0000
yhhI_1~~~yhhI_4~~~yhhI_2~~~ydcC_2~~~yhhI_5~~~yhhI~~~ydcC_1~~~ybfQ~~~ydcC~~~ybfQ_2~~~ybfD_1~~~ybfD~~~yhhI_3,EC:2.5.1.87/0.0001
yfjJ,EC:6.5.1.1/0.0003
group_3739,EC:1.14.15.6/0.0004,EC:1.14.15.4/0.0003,EC:3.1.21.4/0.0002
group_3743,EC:3.4.22.39/0.0000
ykfG_1~~~ykfG,EC:3.1.4.17/0.0066
group_19922,EC:2.3.1.48/0.0067
group_3745,EC:3.5.1.5/0.0001,EC:5.2.1.8/0.0001
shlB~~~shlB_2,EC:2.7.13.3/0.0021
group_12402,EC:3.1.21.4/0.0376
pagN_2~~~pagN~~~pagN_1,EC:3.4.23.49/0.0226,EC:3.1.1.4/0.0150,EC:3.1.1.3/0.0110
group_11959,EC:2.7.7.48/0.0003,EC:1.13.11.8/0.0003
group_3749,EC:1.14.18.3/0.0009
group_9845,EC:2.1.1.148/0.1302
group_3751,EC:1.1.3.9/0.0001
group_3752,EC:6.5.1.1/0.0122
group_3753,EC:2.1.1.173/0.0003,EC:2.1.1.264/0.0003,EC:2.1.1.191/0.0002,EC:2.7.1.164/0.0001
group_3754,EC:1.12.1.2/0.0001
group_8473,EC:2.7.10.2/0.0004
group_8474,EC:3.1.21.4/0.0005
group_14149,EC:4.2.1.152/0.0001,EC:1.6.5.2/0.0001
group_3756,EC:5.6.2.1/0.0001
group_9387,EC:3.1.21.4/0.0002
group_3758,EC:4.2.1.2/0.0017
group_19923,EC:3.2.2.5/0.0024
group_11475,EC:2.7.7.6/0.0070
group_3759,EC:2.7.7.65/0.3760
group_16384,EC:4.2.1.81/0.0000
group_3761,EC:3.1.21.4/0.0033
group_3762,EC:2.7.7.6/0.0052
group_3763,EC:4.1.1.22/0.0003
group_3764,EC:6.2.1.14/0.0010
group_19842,EC:4.3.99.4/0.0000
silE_1~~~silE_3,EC:1.14.14.18/0.0024
group_3766,EC:2.4.2.49/0.0021
group_19852,EC:3.1.21.4/0.0000
group_19924,EC:2.4.1.198/0.0042
ydfB_1~~~ydfB,EC:3.2.1.3/0.0012
group_3768,EC:3.5.5.8/0.0000
group_3769,EC:2.7.7.65/0.0039
group_3770,EC:2.6.1.35/0.0001
group_3771,EC:3.2.2.17/0.0000
ninE~~~ninE_2,EC:4.1.1.22/0.0016,EC:1.16.1.7/0.0010
group_3774,EC:2.1.1.177/0.0000
group_17626,EC:2.7.7.48/0.0003,EC:2.3.1.48/0.0002
group_3776,EC:2.7.7.88/0.0001,EC:2.1.1.375/0.0001
group_19925,EC:5.4.99.43/0.0012,EC:3.4.21.97/0.0011,EC:2.3.2.27/0.0011
group_10572,EC:4.2.1.152/0.5993
group_3778,EC:2.7.1.191/0.0010
group_19926,EC:4.1.1.22/0.0015
hokD~~~mokC~~~mokC_1,EC:1.14.11.29/0.0000
traC_2~~~traC~~~traC_3~~~traC_1,EC:1.4.1.3/0.0000
group_3780,EC:5.5.1.12/0.0005
group_3781,EC:2.1.1.86/0.0707
group_9152,EC:4.1.2.25/0.0010
group_9131,EC:3.1.21.4/0.0000
group_3785,EC:3.2.2.22/0.0686
group_19927,EC:1.12.1.2/0.0004
group_10573,EC:3.2.2.22/0.0421
group_8306,EC:4.4.1.20/0.0069,EC:3.4.17.6/0.0061
group_19928,EC:2.5.1.151/0.0330,EC:1.16.1.6/0.0330
group_3788,EC:3.1.1.14/0.0207
group_19907,EC:1.14.13.244/0.0001
group_8307,EC:1.14.13.25/0.0000,EC:6.2.1.14/0.0000,EC:2.3.3.9/0.0000,EC:3.2.2.22/0.0000,EC:4.6.1.23/0.0000
group_8523,EC:4.2.1.28/0.0000
group_8524,EC:3.3.1.2/0.0005
group_8525,EC:1.12.1.2/0.1236
group_8526,EC:3.2.2.17/0.0000
group_3789,EC:3.1.26.5/0.0767
group_3790,EC:3.1.26.5/0.0522
group_19929,EC:3.1.21.10/0.0145
group_3795,EC:2.7.7.48/0.0000
group_3797,EC:3.2.2.22/0.0039
group_19930,EC:1.6.5.4/0.0002
group_3799,EC:1.14.13.244/0.0003
group_3800,EC:6.4.1.8/0.0000
group_3802,EC:3.1.21.4/0.0335
group_3804,EC:5.2.1.8/0.0035
group_19931,EC:2.1.1.86/0.0018
group_3805,EC:3.2.2.5/0.9195
group_19932,EC:3.1.21.4/0.9765
rzpD_3~~~rzpD_4~~~rzpD_2~~~rzpD_1~~~rzpD,EC:1.8.3.2/0.0000
intS~~~intS_1~~~intS_2~~~intS_3~~~intS_4,EC:5.6.2.1/0.0000,EC:6.2.1.2/0.0000,EC:3.6.4.12/0.0000,EC:3.1.11.2/0.0000
group_3809,EC:3.1.21.4/0.0575
group_19935,EC:3.1.21.4/0.0002
group_3810,EC:1.12.98.3/0.0001
group_19936,EC:3.1.21.4/0.0022
group_3811,EC:2.5.1.9/0.0027,EC:2.3.2.27/0.0022,EC:3.6.5.5/0.0022
group_3812,EC:4.2.3.167/0.0009,EC:4.2.3.168/0.0005,EC:4.2.3.195/0.0005
group_3814,EC:1.11.1.26/0.0001
group_3813,EC:4.2.3.195/0.0000
insN2~~~insN1,EC:2.6.1.45/0.0014
group_3818,EC:3.1.11.1/0.0003
group_18473,EC:2.4.1.198/0.0000
group_3820,EC:1.14.13.39/0.0015
group_19937,EC:3.1.21.4/0.6877
group_19938,EC:2.4.1.361/0.0000
group_19939,EC:5.3.99.7/0.0003
hsdR~~~hsdR_2~~~hsdR_3,EC:3.1.21.3/0.9977
group_19940,EC:3.11.1.2/0.0022
group_8381,EC:2.1.1.72/0.1745
group_9730,EC:7.2.4.3/0.0000
psiB_1~~~psiB~~~psiB_2,EC:6.2.1.14/0.0016
group_3826,EC:2.7.7.48/0.0004
group_19941,EC:3.1.21.4/0.0007
rzpD~~~rzpD_4~~~rzpD_3~~~rzpD_1~~~rzpD_2~~~rzpD_5~~~rzoD~~~rzpD_6,EC:1.8.1.9/0.0000
group_3829,EC:2.1.1.86/0.0063,EC:1.11.1.27/0.0045
group_3830,EC:4.1.1.22/0.0001,EC:3.6.1.23/0.0001
rhsC_1~~~rhsD_1,EC:3.6.5.5/0.0087
group_19942,EC:3.6.5.5/0.0003
group_3831,EC:3.6.4.12/0.0003
group_15331,EC:3.1.21.4/0.0000
group_19848,EC:3.1.21.4/0.0003
group_3832,EC:5.6.2.1/0.0065,EC:3.1.21.4/0.0044
group_19833,EC:2.1.1.86/0.0145
group_3834,EC:7.4.2.8/0.0004,EC:2.7.13.3/0.0004
group_13247,EC:3.4.22.45/0.0086
group_3835,EC:3.4.23.2/0.0078
rrrQ~~~rrrQ_2~~~rrrQ_1~~~ydfR,EC:3.2.1.17/0.4266
group_19943,EC:3.1.21.4/0.0016
group_3836,EC:2.1.1.86/0.0001
group_8423,EC:2.1.1.72/0.0005
group_8424,EC:2.1.1.86/0.1334
group_8425,EC:2.8.4.1/0.0010
bin3,EC:3.1.21.4/0.0047
group_3837,EC:7.2.4.2/0.0005
acnB_2~~~acnB,EC:4.2.1.99/0.9876,EC:4.2.1.3/0.9744
intA_3~~~intA_2~~~intA_4~~~intA_1~~~intA,EC:3.6.4.13/0.0000
group_19944,EC:6.5.1.1/0.0002,EC:3.1.21.4/0.0001,EC:3.6.1.15/0.0001,EC:2.7.1.176/0.0001
group_19945,EC:3.2.1.129/0.5367
group_19946,EC:5.6.2.1/0.0017
pikAV_1,EC:3.1.2.14/0.8841
group_19947,EC:1.15.1.1/0.0062
group_3841,EC:3.1.21.4/0.0001
group_3842,EC:2.1.1.148/0.0324
group_3843,EC:3.1.21.4/0.7777
group_19948,EC:3.2.2.6/0.0109
chpS_1~~~chpS,EC:2.1.1.4/0.0000
group_3845,EC:3.1.21.4/0.0001
group_11305,EC:4.2.1.152/0.0030
merR~~~zntR_2,EC:2.7.13.3/0.0016
group_3846,EC:3.1.21.3/0.9888
group_3847,EC:5.2.1.8/0.0015
group_3848,EC:6.5.1.1/0.0009
group_3850,EC:2.4.2.49/0.0000,EC:3.6.5.5/0.0000
group_3852,EC:2.5.1.54/0.0001
nohA_1,EC:3.4.24.33/0.0000
xerC_5,EC:3.6.4.12/0.0010
group_3854,EC:3.6.1.27/0.0000
pagN_1~~~pagN~~~pagN_2,EC:3.4.23.49/0.0276,EC:3.1.1.4/0.0242,EC:3.1.1.3/0.0222,EC:3.4.23.48/0.0219
traJ_2~~~traJ,EC:2.4.2.49/0.0016
group_3855,EC:3.4.22.65/0.0054
traM~~~traM_2,EC:3.1.21.4/0.0012,EC:4.2.1.2/0.0007
group_13008,EC:3.1.21.9/0.0000,EC:2.4.1.88/0.0000
group_13009,EC:3.1.21.4/0.0021
kpsD,EC:4.2.2.n1/0.0000,EC:3.4.16.4/0.0000
pinE_2~~~pinE_1~~~pinE_4~~~pinE_7,EC:3.6.4.12/0.0001
group_19949,EC:3.1.21.4/0.0000
group_3857,EC:4.2.1.2/0.0338
group_19729,EC:1.4.3.2/0.0018
group_16542,EC:3.5.2.6/0.0001
pinR_2,EC:3.6.4.12/0.0098
group_3860,EC:3.5.1.5/0.0000
group_3862,EC:2.3.2.8/0.0000,EC:2.5.1.87/0.0000
group_3863,EC:3.2.1.22/0.0000
group_3864,EC:3.6.4.12/0.0090
group_19950,EC:3.2.1.11/0.0012
group_19951,EC:5.2.1.8/0.0102
group_3866,EC:1.14.15.6/0.0000
group_19952,EC:2.7.7.7/0.0005
group_3867,EC:5.2.1.8/0.0053
group_19955,EC:3.2.1.4/0.0408
insO1~~~insF5~~~insF5_1~~~insO2~~~insF5_3~~~insK_1~~~insF5_5~~~insF5_6,EC:3.4.21.10/0.0002
stfQ~~~stfR,EC:3.2.1.129/0.0324
group_3869,EC:2.1.1.72/0.1026
dbpA_2,EC:3.6.1.15/0.0000
vgrG1_3~~~vgrG1_1~~~vgrG1_2~~~vgrG1,EC:2.4.2.31/0.3773
group_14147,EC:3.2.1.17/0.0005
group_3872,EC:5.2.1.8/0.0038
group_3873,EC:3.5.5.8/0.0040
group_3874,EC:3.1.21.4/0.0176
group_10538,EC:2.4.2.31/0.0000
group_10539,EC:2.7.7.48/0.0053
group_18030,EC:3.2.2.5/0.0002
group_3876,EC:1.14.15.6/0.0000,EC:6.6.1.2/0.0000,EC:2.7.7.48/0.0000
group_3877,EC:3.1.21.4/0.0017,EC:4.7.1.1/0.0013
group_3878,EC:1.3.7.2/0.0019
sigL,EC:2.3.2.27/0.0000,EC:2.7.13.3/0.0000
ynfE_2~~~ynfE_1,EC:1.8.5.5/0.9989
group_19957,EC:2.3.2.26/0.0075
group_3881,EC:2.1.1.86/0.0036
group_9025,EC:1.14.13.244/0.0721,EC:1.12.1.2/0.0439
yfjX_3~~~yfjX_4~~~yfjX_2~~~yfjX~~~yfjX_1,EC:3.1.26.5/0.0001
ydfX,EC:6.2.1.14/0.0713
insB3~~~insB4~~~insB6_1~~~insB6~~~insB6_23~~~insB6_2,EC:2.7.7.49/0.0015
umuC_2~~~umuC_3~~~umuC_4~~~umuC_1,EC:2.7.7.7/0.9691
group_10491,EC:3.6.4.12/0.0006
recE~~~recE_2~~~recE_1~~~recE_3,EC:3.6.1.74/0.0009
group_3883,EC:3.2.2.6/0.0020,EC:3.6.4.12/0.0013
group_3884,EC:2.4.2.6/0.0067
group_19958,EC:3.1.1.29/0.0008
ydaT~~~ydaT_1~~~ydaT_2~~~ydaT_3,EC:3.8.1.10/0.0278
group_3885,EC:3.2.1.14/0.0000
group_19959,EC:1.12.1.2/0.0498
group_8445,EC:2.3.1.263/0.0001
group_3887,EC:3.2.1.35/0.0004
group_3888,EC:4.2.3.104/0.0064
group_3890,EC:6.2.1.14/0.1885
group_8446,EC:1.14.13.130/0.0000
group_11532,EC:3.2.2.22/0.0136
group_18307,EC:1.8.1.8/0.0046
merA_1~~~merA_2~~~merA,EC:1.16.1.1/0.9984
group_14563,EC:7.6.2.11/0.0001,EC:1.5.1.38/0.0001
group_19960,EC:2.5.1.153/0.0007
wzb~~~etp_2,EC:3.1.3.48/0.3908
group_3894,EC:2.7.7.48/0.0000
tfaQ_2~~~tfaQ_3~~~tfaQ~~~tfaD_1~~~tfaD~~~tfaQ_1~~~tfaD_2~~~tfaR,EC:2.4.1.198/0.0000
group_19961,EC:3.2.2.5/0.0001
group_3896,EC:3.6.4.12/0.1867
rutB_1~~~rutB_3,EC:3.5.1.19/0.0091
group_19963,EC:2.1.1.72/0.0002
group_16707,EC:2.1.1.86/0.0026
rhsD~~~rhsC,EC:3.4.22.45/0.0017
soxS_1~~~soxS_2,EC:2.3.1.48/0.0006
group_19966,EC:2.3.1.80/0.0000
group_19967,EC:4.2.3.167/0.0018,EC:4.2.3.168/0.0015
group_3898,EC:3.3.1.2/0.0005,EC:4.6.1.18/0.0004
group_9211,EC:2.1.1.86/0.0031
group_3899,EC:3.1.21.10/0.0203
group_12721,EC:1.8.1.8/0.0097,EC:1.11.1.24/0.0067
group_3900,EC:5.2.1.8/0.0005
group_19968,EC:3.4.22.65/0.0001,EC:1.4.9.1/0.0001,EC:1.4.1.24/0.0001
group_3901,EC:1.3.7.2/0.0001
group_15857,EC:1.14.13.130/0.0000
group_19969,EC:4.2.3.167/0.0009,EC:4.2.3.195/0.0009
group_19970,EC:3.1.21.4/0.0037
group_19971,EC:4.2.3.168/0.0053,EC:4.2.3.167/0.0042,EC:4.2.3.195/0.0034
group_3903,EC:3.1.21.10/0.0036,EC:3.1.21.4/0.0029,EC:3.1.26.5/0.0028
group_3907,EC:2.7.13.3/0.0001
group_3905,EC:2.1.1.148/0.0060
ogl,EC:4.2.2.6/0.9740
group_3908,EC:2.1.1.72/0.0025,EC:2.1.1.80/0.0022
quuD_2~~~quuD_1~~~quuD_3~~~quuD,EC:6.6.1.2/0.0116
quuD~~~quuD_2~~~quuD_1~~~quuD_3,EC:2.7.7.48/0.0003,EC:6.6.1.2/0.0002
yfjJ~~~yagK_2~~~yagK_1~~~yagK_3~~~yfjJ_1~~~yagK~~~yfjJ_2,EC:3.1.21.10/0.0003,EC:6.5.1.1/0.0003
bcs1~~~ispD_2~~~acs1,EC:1.1.1.405/0.3509
group_18150,EC:2.7.8.8/0.0000,EC:4.2.3.25/0.0000
group_3913,EC:3.2.2.22/0.0000
group_9030,EC:2.7.7.48/0.0001,EC:4.2.1.104/0.0001
group_3914,EC:7.3.2.6/0.0008
group_19972,EC:2.7.7.48/0.0000
group_19973,EC:2.7.7.48/0.0002,EC:2.4.1.198/0.0002,EC:5.2.1.8/0.0002
group_3915,EC:2.6.1.45/0.0160
ypjF_2~~~ykfI_1~~~ykfI_2~~~ypjF~~~ykfI,EC:2.1.1.148/0.0052
group_19975,EC:7.5.2.5/0.0001
group_3916,EC:2.4.1.198/0.0031
group_8464,EC:1.3.7.3/0.0040,EC:3.2.2.17/0.0034
group_3918,EC:4.1.99.2/0.0000
group_3920,EC:1.14.99.15/0.0000
group_3922,EC:5.1.1.22/0.0000
group_3924,EC:3.4.22.58/0.0002
group_12756,EC:1.14.13.244/0.0036
group_19451,EC:2.7.1.202/0.0004,EC:2.7.7.6/0.0002
hokD~~~hokD_1~~~mokC_2~~~mokC_1,EC:1.14.11.29/0.0001
group_19976,EC:2.1.1.86/0.0159
group_3925,EC:4.2.3.25/0.0015
group_3926,EC:3.1.11.1/0.0000
group_16675,EC:2.3.1.48/0.0001
group_3929,EC:2.7.7.7/0.0002
group_3928,EC:3.4.24.20/0.0000
group_3930,EC:4.99.1.10/0.0094
group_3931,EC:3.1.11.1/0.0012
traA~~~traA_2~~~traA_1,EC:7.2.4.3/0.0028,EC:7.2.4.2/0.0021
group_8325,EC:2.1.1.148/0.0003
traQ~~~traQ_2,EC:7.2.4.3/0.0012
group_3932,EC:2.4.1.198/0.0230
group_3933,EC:3.2.1.139/0.0001,EC:2.1.1.86/0.0001
group_3935,EC:3.2.2.22/0.0239
group_3936,EC:3.3.1.2/0.0003,EC:3.1.26.5/0.0002
group_3937,EC:4.2.1.2/0.0014
group_19977,EC:2.1.1.72/0.0009
group_18470,EC:5.3.99.6/0.0000,EC:3.1.1.115/0.0000
group_18471,EC:4.2.1.28/0.0000
yfcR~~~yfcR_1~~~yfcR_2,EC:2.4.1.19/0.0000
ydfT~~~ydfT_3~~~ydfT_2~~~ydfT_1,EC:3.1.21.4/0.0005
group_3942,EC:2.1.1.86/0.0995
group_3944,EC:2.4.1.198/0.0223
group_3945,EC:3.4.22.45/0.4738
group_3946,EC:1.5.1.36/0.0030
group_9079,EC:3.2.2.22/0.0168
group_3948,EC:3.2.2.29/0.0008,EC:3.1.21.4/0.0006
group_3949,EC:4.2.3.55/0.0000
group_12004,EC:4.2.1.2/0.0022,EC:1.12.2.1/0.0020,EC:1.12.1.2/0.0016
group_17371,EC:3.1.1.5/0.0009,EC:2.3.1.48/0.0007
group_17373,EC:2.1.1.113/0.0011
group_19978,EC:2.4.1.306/0.0136
group_19979,EC:4.2.3.167/0.0018,EC:4.2.3.168/0.0008,EC:4.2.3.195/0.0004
group_3951,EC:3.1.21.4/0.0058
group_3952,EC:4.3.2.9/0.0010
group_19980,EC:4.2.3.167/0.0000,EC:4.2.3.168/0.0000
group_19974,EC:3.1.21.4/0.0025
ygiW_2~~~ygiW_3,EC:5.2.1.8/0.0033
yjdN,EC:1.14.14.43/0.0000
phnC~~~phnC_1,EC:7.3.2.2/0.9878
group_3956,EC:3.5.1.28/0.0000
group_3957,EC:3.2.1.39/0.0001,EC:1.6.5.2/0.0001
group_13701,EC:3.6.4.12/0.0005
group_19981,EC:1.6.5.4/0.0127
group_10507,EC:3.5.1.56/0.0017
group_3961,EC:2.4.2.31/0.0074,EC:3.2.2.5/0.0040
